emailReply,emailBody
add a reply,
alright reply to this mail,
alright reply to this mail,
alright reply to this mail,
alright reply to this mail,
alright reply to this mail,
alright reply to this mail,
alright reply to this mail,
answer back,
answer back,
answer back,
answer back,
answer back,
answer back this is a work in progress,this is a work in progress
answer back this is a work in progress,this is a work in progress
answer back with i think you have the wrong lilly,i think you have the wrong lilly
answer back with i think you have the wrong lilly,i think you have the wrong lilly
answer back with i think you have the wrong lilly,i think you have the wrong lilly
answer back with i think you have the wrong lilly,i think you have the wrong lilly
answer back with i think you have the wrong lilly,i think you have the wrong lilly
answer him with tell me if this proposal works,tell me if this proposal works
answer him with tell me if this proposal works,tell me if this proposal works
answer it saying i think that should be ok,i think that should be ok
answer it saying i think that should be ok,i think that should be ok
answer it saying i think that should be ok,i think that should be ok
answer it saying i think that should be ok,i think that should be ok
answer it saying i think that should be ok,i think that should be ok
answer maybe let s try next tuesday at 6,maybe let s try next tuesday at 6
answer maybe let s try next tuesday at 6,maybe let s try next tuesday at 6
answer maybe let s try next tuesday at 6,maybe let s try next tuesday at 6
answer maybe let s try next tuesday at 6,maybe let s try next tuesday at 6
answer maybe let s try next tuesday at 6,maybe let s try next tuesday at 6
answer maybe let s try next tuesday at 6,maybe let s try next tuesday at 6
answer maybe let s try next tuesday at 6,maybe let s try next tuesday at 6
answer this email,
answer this email,
answer this email,
answer ths with she s out of town until next monday,she s out of town until next monday
answer to him and say tanya is out sick this week,tanya is out sick this week
answer to him and say tanya is out sick this week,tanya is out sick this week
answer to him and say tanya is out sick this week,tanya is out sick this week
answer to him and say tanya is out sick this week,tanya is out sick this week
answer to him and say tanya is out sick this week,tanya is out sick this week
answer with can you share your thoughts please,can you share your thoughts please
answer with can you share your thoughts please,can you share your thoughts please
answer with can you share your thoughts please,can you share your thoughts please
answer with can you share your thoughts please,can you share your thoughts please
answer with can you share your thoughts please,can you share your thoughts please
answer with can you share your thoughts please,can you share your thoughts please
answer with can you share your thoughts please,can you share your thoughts please
answer with can you share your thoughts please,can you share your thoughts please
answer with can you share your thoughts please,can you share your thoughts please
answer with let me get back to you in a few days,let me get back to you in a few days
answer with let me get back to you in a few days,let me get back to you in a few days
answer with let me get back to you in a few days,let me get back to you in a few days
answer with let me get back to you in a few days,let me get back to you in a few days
answer with let me get back to you in a few days,let me get back to you in a few days
answer with let me get back to you in a few days,let me get back to you in a few days
answer with let me know if you can make it,let me know if you can make it
answer with let me know if you can make it,let me know if you can make it
answer with let me know if you can make it,let me know if you can make it
answer with let me know if you can make it,let me know if you can make it
answer with let me know if you can make it,let me know if you can make it
answer with let me know if you can make it,let me know if you can make it
answer with let me know if you can make it,let me know if you can make it
ask can you attach the invoice again,can you attach the invoice again
ask can you attach the invoice again,can you attach the invoice again
ask can you attach the invoice again,can you attach the invoice again
ask can you attach the invoice again,can you attach the invoice again
ask her please update your profile tonight,please update your profile tonight
ask her please update your profile tonight,please update your profile tonight
ask her please update your profile tonight,please update your profile tonight
ask her please update your profile tonight,please update your profile tonight
ask her please update your profile tonight,please update your profile tonight
ask her please update your profile tonight,please update your profile tonight
ask her please update your profile tonight,please update your profile tonight
ask her please update your profile tonight,please update your profile tonight
ask her please update your profile tonight,please update your profile tonight
ask her please update your profile tonight,please update your profile tonight
ask her please update your profile tonight,please update your profile tonight
ask her please update your profile tonight,please update your profile tonight
ask her please update your profile tonight,please update your profile tonight
ask her what is the update on this,what is the update on this
ask her what is the update on this,what is the update on this
ask her what is the update on this,what is the update on this
ask her what is the update on this,what is the update on this
ask her what is the update on this,what is the update on this
ask her when can i pick this up,can i pick this up
ask her when can i pick this up,can i pick this up
ask her when can i pick this up,can i pick this up
ask her when can i pick this up,can i pick this up
ask her when can i pick this up,can i pick this up
ask her when can i pick this up,can i pick this up
ask her where are the receipts for the shoot last week,where are the receipts for the shoot last week
ask her where are the receipts for the shoot last week,where are the receipts for the shoot last week
ask her where are the receipts for the shoot last week,where are the receipts for the shoot last week
ask her where are the receipts for the shoot last week,where are the receipts for the shoot last week
ask her where are the receipts for the shoot last week,where are the receipts for the shoot last week
ask her where are the receipts for the shoot last week,where are the receipts for the shoot last week
ask him to send a new link please,send a new link please
ask him to send a new link please,send a new link please
ask him to send a new link please,send a new link please
ask him to send a new link please,send a new link please
ask them in a reply just following up on this,just following up on this
ask them in a reply just following up on this,just following up on this
ask them what is the status on this,what is the status on this
ask them what is the status on this,what is the status on this
ask them what is the status on this,what is the status on this
ask them what is the status on this,what is the status on this
ask them what is the status on this,what is the status on this
ask them what is the status on this,what is the status on this
ask them what is the status on this,what is the status on this
ask them what is the status on this,what is the status on this
ask them what is the status on this,what is the status on this
ask them what is the status on this,what is the status on this
ask them when are you free to meet,are you free to meet
can you ask her can you consider changing this meeting time,can you consider changing this meeting time
can you ask her can you consider changing this meeting time,can you consider changing this meeting time
can you ask her can you consider changing this meeting time,can you consider changing this meeting time
can you ask her can you consider changing this meeting time,can you consider changing this meeting time
can you ask her to send me the new draft please,send me the new draft please
can you ask her to send me the new draft please,send me the new draft please
can you ask her to send me the new draft please,send me the new draft please
can you ask her to send me the new draft please,send me the new draft please
can you ask her what do you want for dinner,what do you want for dinner
can you ask her what do you want for dinner,what do you want for dinner
can you draft a reply saying come over to the cole building,come over to the cole building
can you draft a reply saying come over to the cole building,come over to the cole building
can you draft a reply saying come over to the cole building,come over to the cole building
can you draft a reply saying come over to the cole building,come over to the cole building
can you draft a reply saying come over to the cole building,come over to the cole building
can you draft a reply saying come over to the cole building,come over to the cole building
can you email back and say is this order ready yet,is this order ready yet
can you email back and say is this order ready yet,is this order ready yet
can you email back and say is this order ready yet,is this order ready yet
can you email back and say is this order ready yet,is this order ready yet
can you email back and say is this order ready yet,is this order ready yet
can you email back and say is this order ready yet,is this order ready yet
can you email him back saying what were you thinking,what were you thinking
can you email him back saying what were you thinking,what were you thinking
can you email him back saying what were you thinking,what were you thinking
can you reply,
can you reply,
can you reply,
can you reply,
can you reply and say i'm sorry you are frustrated,i'm sorry you are frustrated
can you reply and say i'm sorry you are frustrated,i'm sorry you are frustrated
can you reply and say what the hell,what the hell
can you reply and say what the hell,what the hell
can you reply back asking what time is the meet up,what time is the meet up
can you reply back asking what time is the meet up,what time is the meet up
can you reply back with i need more time,i need more time
can you reply back with i need more time,i need more time
can you reply with can i ride with you to brenda s party on saturday,can i ride with you to brenda s party on saturday
can you reply with how is that possible,how is that possible
can you reply with how is that possible,how is that possible
can you reply with how is that possible,how is that possible
can you reply with the message please resend the attachment,please resend the attachment
can you say i know this is the right thing to do,i know this is the right thing to do
can you say i know this is the right thing to do,i know this is the right thing to do
can you say i need to think about it,i need to think about it
can you say lets go see this show next friday there s free drinks,lets go see this show next friday there s free drinks
can you say lets go see this show next friday there s free drinks,lets go see this show next friday there s free drinks
can you say lets go see this show next friday there s free drinks,lets go see this show next friday there s free drinks
can you say lets go see this show next friday there s free drinks,lets go see this show next friday there s free drinks
can you send him a reply back and say have you ordered my laptop yet,have you ordered my laptop yet
can you send him a reply back and say have you ordered my laptop yet,have you ordered my laptop yet
can you send him a reply back and say have you ordered my laptop yet,have you ordered my laptop yet
can you send him a reply back and say have you ordered my laptop yet,have you ordered my laptop yet
can you send him a reply back and say have you ordered my laptop yet,have you ordered my laptop yet
can you send him a reply back and say have you ordered my laptop yet,have you ordered my laptop yet
can you send him a reply back and say have you ordered my laptop yet,have you ordered my laptop yet
can you send him a reply back and say have you ordered my laptop yet,have you ordered my laptop yet
can you tell him let s meet tomorrow at 4pm,let s meet tomorrow at 4pm
can you tell him let s meet tomorrow at 4pm,let s meet tomorrow at 4pm
can you tell him let s meet tomorrow at 4pm,let s meet tomorrow at 4pm
can you tell him that s not cool,that s not cool
can you tell him that s not cool,that s not cool
can you tell him that s not cool,that s not cool
can you tell him that s not cool,that s not cool
can you tell him that s not cool,that s not cool
can you tell him that s not cool,that s not cool
can you tell i can't make this meeting,i can't make this meeting
can you tell i can't make this meeting,i can't make this meeting
can you tell i can't make this meeting,i can't make this meeting
can you tell i can't make this meeting,i can't make this meeting
can you write back and say yes i agree,yes i agree
can you write back and say yes i agree,yes i agree
can you write back and say yes i agree,yes i agree
can you write back and say yes i agree,yes i agree
can you write back and say yes i agree,yes i agree
can you write back and say yes i agree,yes i agree
can you write back saying i need to follow up on this,i need to follow up on this
can you write back saying i need to follow up on this,i need to follow up on this
can you write back saying i need to follow up on this,i need to follow up on this
compose a message in response,
compose a message in response,
compose a message in response,
compose a message in response,
compose a message in response,
compose a reply,
compose a reply,
compose a reply,
compose a reply,
compose a reply,
compose a reply saying please push the frame back,please push the frame back
compose a reply saying please push the frame back,please push the frame back
compose a reply to this,
compose a reply to this,
compose a reply to this,
compose a reply to this,
compose a reply to this,
compose a reply to this,
compose a reply to this,
compose a reply to this,
compose an email back saying yes i've arranged for parking for crew,yes i've arranged for parking for crew
compose an email back saying yes i've arranged for parking for crew,yes i've arranged for parking for crew
compose an email back saying yes i've arranged for parking for crew,yes i've arranged for parking for crew
compose an email back saying yes i've arranged for parking for crew,yes i've arranged for parking for crew
compose an email back saying yes i've arranged for parking for crew,yes i've arranged for parking for crew
compose reply,
compose reply and say i already bought the tickets to the show you can pay me back later,i already bought the tickets to the show you can pay me back later
compose reply and say i already bought the tickets to the show you can pay me back later,i already bought the tickets to the show you can pay me back later
compose reply and say i already bought the tickets to the show you can pay me back later,i already bought the tickets to the show you can pay me back later
could you please reply to this email,
could you please reply to this email,
could you please reply to this email,
could you please reply to this email,
could you please reply to this email,
could you reply with yes i can meet then,yes i can meet then
could you reply with yes i can meet then,yes i can meet then
could you start a reply,
could you start a reply,
could you start a reply,
could you tell him that we have to talk about our strategy for tomorrow s meeting,we have to talk about our strategy for tomorrow s meeting
could you tell him that we have to talk about our strategy for tomorrow s meeting,we have to talk about our strategy for tomorrow s meeting
could you tell him that we have to talk about our strategy for tomorrow s meeting,we have to talk about our strategy for tomorrow s meeting
could you tell them i need to see the rest of the footage first,i need to see the rest of the footage first
could you tell them i need to see the rest of the footage first,i need to see the rest of the footage first
could you tell them i need to see the rest of the footage first,i need to see the rest of the footage first
could you tell them i need to see the rest of the footage first,i need to see the rest of the footage first
could you tell them i need to see the rest of the footage first,i need to see the rest of the footage first
draft a reply,
draft a reply,
draft a reply,
draft a reply,
draft a reply for me,
draft a reply for me,
draft a reply for me,
draft a reply for me,
draft a reply for me,
draft a reply to this,
draft a reply to this,
draft a reply to this,
draft a response,
draft a response,
draft a response,
draft a response,
draft a response,
draft a response,
draft a response,
draft a response,
draft a response saying i need to review this further,i need to review this further
draft a response saying i need to review this further,i need to review this further
draft a response saying i need to review this further,i need to review this further
draft a response saying i need to review this further,i need to review this further
draft a response saying i need to review this further,i need to review this further
draft a response saying i need to review this further,i need to review this further
draft up a reply,
draft up a reply,
e-mail back say i'm not so sure about that,i'm not so sure about that
e-mail back say i'm not so sure about that,i'm not so sure about that
e-mail back say i'm not so sure about that,i'm not so sure about that
e-mail back say i'm not so sure about that,i'm not so sure about that
e-mail back say i'm not so sure about that,i'm not so sure about that
e-mail back say i'm not so sure about that,i'm not so sure about that
e-mail back say i'm not so sure about that,i'm not so sure about that
e-mail back say i'm not so sure about that,i'm not so sure about that
e-mail back say i'm not so sure about that,i'm not so sure about that
e-mail back say i'm not so sure about that,i'm not so sure about that
e-mail back say i'm not so sure about that,i'm not so sure about that
e-mail back with can you help with this,can you help with this
e-mail back with can you help with this,can you help with this
e-mail back with can you help with this,can you help with this
e-mail back with can you help with this,can you help with this
email a reply saying i need to see the report card now,i need to see the report card now
email a reply saying i need to see the report card now,i need to see the report card now
email a reply saying i need to see the report card now,i need to see the report card now
email a reply saying i need to see the report card now,i need to see the report card now
email a reply saying i need to see the report card now,i need to see the report card now
email a reply saying i need to see the report card now,i need to see the report card now
email a reply saying i need to see the report card now,i need to see the report card now
email a reply with the password is 12345,the password is 12345
email a reply with the password is 12345,the password is 12345
email a reply with the password is 12345,the password is 12345
email a reply with the password is 12345,the password is 12345
email a reply with the password is 12345,the password is 12345
email back and say cancel my order,cancel my order
email back and say cancel my order,cancel my order
email back and say cancel my order,cancel my order
email back and say cancel my order,cancel my order
email back and say cancel my order,cancel my order
email back and say cancel my order,cancel my order
email back and say cancel my order,cancel my order
email back and say cancel my order,cancel my order
email back and say that s too expensive,that s too expensive
email back and say that s too expensive,that s too expensive
email back saying i don't need this,i don't need this
email back saying i don't need this,i don't need this
email back saying i don't need this,i don't need this
email back saying i don't need this,i don't need this
email back saying no,no
email back saying no,no
email back saying no,no
email back saying the red paint is not going to work for me it s too dark,the red paint is not going to work for me it s too dark
email back saying the red paint is not going to work for me it s too dark,the red paint is not going to work for me it s too dark
email back saying the red paint is not going to work for me it s too dark,the red paint is not going to work for me it s too dark
email back saying the red paint is not going to work for me it s too dark,the red paint is not going to work for me it s too dark
email back saying the red paint is not going to work for me it s too dark,the red paint is not going to work for me it s too dark
email back saying the red paint is not going to work for me it s too dark,the red paint is not going to work for me it s too dark
email back saying the red paint is not going to work for me it s too dark,the red paint is not going to work for me it s too dark
email back saying the red paint is not going to work for me it s too dark,the red paint is not going to work for me it s too dark
email back saying the red paint is not going to work for me it s too dark,the red paint is not going to work for me it s too dark
email back saying the red paint is not going to work for me it s too dark,the red paint is not going to work for me it s too dark
email back saying the red paint is not going to work for me it s too dark,the red paint is not going to work for me it s too dark
email back saying the red paint is not going to work for me it s too dark,the red paint is not going to work for me it s too dark
email back saying what were you thinking,what were you thinking
email back saying what were you thinking,what were you thinking
email back saying what were you thinking,what were you thinking
email back saying what were you thinking,what were you thinking
email back saying what were you thinking,what were you thinking
email back saying what were you thinking,what were you thinking
email back saying what were you thinking,what were you thinking
email back saying what were you thinking,what were you thinking
email back with i cannot meet tomorrow,i cannot meet tomorrow
email back with i cannot meet tomorrow,i cannot meet tomorrow
email back with i don't get your point,i don't get your point
email back with i don't get your point,i don't get your point
email back with there s no more time left we need to move on,there s no more time left we need to move on
email back yes maam,yes maam
email her and say no thank you,no thank you
email her and say no thank you,no thank you
email her back saying we are going to have brunch at brinks and scones,we are going to have brunch at brinks and scones
email her back saying we are going to have brunch at brinks and scones,we are going to have brunch at brinks and scones
email her back saying we are going to have brunch at brinks and scones,we are going to have brunch at brinks and scones
email her back with i didn't get the burning man tickets,i didn't get the burning man tickets
email her back with i didn't get the burning man tickets,i didn't get the burning man tickets
email her back with i don't think that has anything to do with me,i don't think that has anything to do with me
email her back with i don't think that has anything to do with me,i don't think that has anything to do with me
email her back with i don't think that has anything to do with me,i don't think that has anything to do with me
email her back with i don't think that has anything to do with me,i don't think that has anything to do with me
email her back with i don't think that has anything to do with me,i don't think that has anything to do with me
email her that my phone is dead and i forgot my charger at home,my phone is dead and i forgot my charger at home
email him back saying no thanks i've decided to go with another school,no thanks i've decided to go with another school
email him back saying no thanks i've decided to go with another school,no thanks i've decided to go with another school
email him back saying no thanks i've decided to go with another school,no thanks i've decided to go with another school
email him back saying no thanks i've decided to go with another school,no thanks i've decided to go with another school
email him back saying no thanks i've decided to go with another school,no thanks i've decided to go with another school
email him back with yes that works,yes that works
email him back with yes that works,yes that works
email john back and say let s discuss this in our meeting tonight,let s discuss this in our meeting tonight
email john back and say let s discuss this in our meeting tonight,let s discuss this in our meeting tonight
email john back and say let s discuss this in our meeting tonight,let s discuss this in our meeting tonight
email reply with let s get together sometime,let s get together sometime
email reply with let s get together sometime,let s get together sometime
email reply with let s get together sometime,let s get together sometime
email reply with let s get together sometime,let s get together sometime
email reply with let s get together sometime,let s get together sometime
email reply with let s get together sometime,let s get together sometime
email reply with yes i'll be there,yes i'll be there
email reply with yes i'll be there,yes i'll be there
email reply with yes i'll be there,yes i'll be there
email reply with yes i'll be there,yes i'll be there
email reply with yes i'll be there,yes i'll be there
email reply with yes i'll be there,yes i'll be there
email reply with yes i'll be there,yes i'll be there
email saying i never got a draft of the proposal,i never got a draft of the proposal
email saying i never got a draft of the proposal,i never got a draft of the proposal
email saying i never got a draft of the proposal,i never got a draft of the proposal
email saying i never got a draft of the proposal,i never got a draft of the proposal
email saying i never got a draft of the proposal,i never got a draft of the proposal
email saying i never got a draft of the proposal,i never got a draft of the proposal
email saying i never got a draft of the proposal,i never got a draft of the proposal
email saying kevin is unable to make it to our meeting do you want to go ahead with out him,kevin is unable to make it to our meeting do you want to go ahead with out him
email saying kevin is unable to make it to our meeting do you want to go ahead with out him,kevin is unable to make it to our meeting do you want to go ahead with out him
email saying no thanks i don't need an extra order,no thanks i don't need an extra order
email saying please send me a draft of the script,please send me a draft of the script
email saying please send me a draft of the script,please send me a draft of the script
email saying please send me a draft of the script,please send me a draft of the script
email saying please send me a draft of the script,please send me a draft of the script
email saying please send me a draft of the script,please send me a draft of the script
email saying please send me a draft of the script,please send me a draft of the script
email saying please send me a draft of the script,please send me a draft of the script
email saying please send me a draft of the script,please send me a draft of the script
email saying there s no time to see a movie,there s no time to see a movie
email saying there s no time to see a movie,there s no time to see a movie
email saying there s no time to see a movie,there s no time to see a movie
express to her my apologies,my apologies
express to her my apologies,my apologies
express to her my apologies,my apologies
express to her my apologies,my apologies
express to her my apologies,my apologies
express to her my apologies,my apologies
express to mary my condolences,my condolences
express to mary my condolences,my condolences
express to mary my condolences,my condolences
express to mary my condolences,my condolences
express to mary my condolences,my condolences
express to mary my condolences,my condolences
help me reply to this,
help me reply to this,
help me reply with what happened to happy hour,what happened to happy hour
help me say let me circle back next week,let me circle back next week
help me say let me circle back next week,let me circle back next week
help me say let me circle back next week,let me circle back next week
help me say let me circle back next week,let me circle back next week
help me say thanks in reply,thanks
help me say thanks in reply,thanks
help me say thanks in reply,thanks
help me say thanks in reply,thanks
help me tell them the library is closed on sunday,the library is closed on sunday
help me tell them the library is closed on sunday,the library is closed on sunday
hey can you reply to that email for me,
hey can you reply to that email for me,
hey can you reply to that email for me,
hey can you reply to that email for me,
hold on reply to this,
hold on reply to this,
hold on reply to this,
i can reply to this,
i can reply to this,
i can reply to this,
i can reply to this,
i need to reply,
i need to reply,
i need to reply,
i need to reply,
i need to reply,
i need to reply,
i need to reply,
i need to reply,
i need to reply,
i need to reply to this,
i need to reply to this,
i need to reply to this,
i need to reply to this,
i need to reply to this,
i need to reply to this,
i need to reply to this,
i need to reply with i have the reports on my desk,i have the reports on my desk
i need to reply with i have the reports on my desk,i have the reports on my desk
i want to reply,
i want to reply,
i want to reply,
i want to reply,
i want to reply,
i would like to reply here,
i would like to reply here,
i would like to reply here,
i would like to reply to this,
i would like to reply to this,
i would like to reply to this,
i would like to reply to this,
i would like to reply to this,
i would like to reply to this,
i would like to reply to this,
i would like to reply to this,
i would like to reply to this,
i'd like to answer this email,
i'd like to answer this email,
i'd like to answer this email,
i'd like to answer this email,
i'd like to answer this email,
i'd like to answer this email,
i'd like to draft a response,
i'd like to draft a response,
i'd like to draft a response,
i'd like to draft a response,
i'd like to reply,
i'd like to reply,
i'd like to reply,
i'd like to respond,
i'd like to respond,
i'd like to respond,
i'd like to respond,
i'd like to respond,
i'd like to respond,
i'd like to respond,
i'd like to respond,
i'd like to respond,
i'd like to respond,
i'd like to respond,
i'd like to respond to this,
i'd like to respond to this,
i'd like to respond to this,
i'd like to respond to this,
i'm making a reply,
i'm making a reply,
i'm making a reply,
i'm making a reply,
i'm making a reply,
i'm making a reply,
i'm making a reply,
in reply say this is a great idea and we should implement it,this is a great idea and we should implement it
in reply say this is a great idea and we should implement it,this is a great idea and we should implement it
in reply say this is a great idea and we should implement it,this is a great idea and we should implement it
in reply say this is a great idea and we should implement it,this is a great idea and we should implement it
in reply say this is a great idea and we should implement it,this is a great idea and we should implement it
in reply say this is a great idea and we should implement it,this is a great idea and we should implement it
in reply say this is a great idea and we should implement it,this is a great idea and we should implement it
in reply say this is a great idea and we should implement it,this is a great idea and we should implement it
let me answer this one real quick,
let me answer this one real quick,
let me answer this one real quick,
make a reply,
make a reply,
message back saying sorry i don't understand what you mean,sorry i don't understand what you mean
message back saying sorry i don't understand what you mean,sorry i don't understand what you mean
message back with no,no
message back with no,no
message back with no,no
message back with no,no
message back with no,no
message back with no,no
message back with these bills are due tomorrow,these bills are due tomorrow
message back with these bills are due tomorrow,these bills are due tomorrow
message back with these bills are due tomorrow,these bills are due tomorrow
message back with these bills are due tomorrow,these bills are due tomorrow
message back with these bills are due tomorrow,these bills are due tomorrow
message back with these bills are due tomorrow,these bills are due tomorrow
message back with these bills are due tomorrow,these bills are due tomorrow
please ask can you provide an update,can you provide an update
please ask can you provide an update,can you provide an update
please ask can you provide an update,can you provide an update
please ask can you provide an update,can you provide an update
please ask can you provide an update,can you provide an update
please message back saying sorry to hear that,sorry to hear that
please message back saying sorry to hear that,sorry to hear that
please message back saying sorry to hear that,sorry to hear that
please message back saying sorry to hear that,sorry to hear that
please message back saying sorry to hear that,sorry to hear that
please reply,
please reply,
please reply,
please reply,
please reply back with hey i'm locked out now,hey i'm locked out now
please reply back with hey i'm locked out now,hey i'm locked out now
please reply back with hey i'm locked out now,hey i'm locked out now
please reply to the the email i am currently reading,
please reply to the the email i am currently reading,
please reply to the the email i am currently reading,
please reply to the the email i am currently reading,
please reply to the the email i am currently reading,
please reply to this email,
please reply to this email,
please reply to this email,
please reply to this email,
please reply with i told you so,i told you so
please reply with i told you so,i told you so
please reply with i told you so,i told you so
please reply with i told you so,i told you so
please reply with i told you so,i told you so
please reply with i told you so,i told you so
please reply with the password expired,the password expired
please respond to this email with lets reschedule this meeting,lets reschedule this meeting
please respond to this email with lets reschedule this meeting,lets reschedule this meeting
please respond to this email with lets reschedule this meeting,lets reschedule this meeting
please respond to this email with lets reschedule this meeting,lets reschedule this meeting
please respond to this email with lets reschedule this meeting,lets reschedule this meeting
please respond to this email with lets reschedule this meeting,lets reschedule this meeting
please respond with something,
please say i'm going to santa monica at six,i'm going to santa monica at six
please say i'm going to santa monica at six,i'm going to santa monica at six
please say i'm going to santa monica at six,i'm going to santa monica at six
please say i'm going to santa monica at six,i'm going to santa monica at six
please send a reply email,
please send a reply email,
please send a reply email,
please send a reply email,
please send a reply email,
please send a reply email,
please send a reply email,
please send a reply email,
please tell her thanks,thanks
please tell her thanks,thanks
please tell her thanks,thanks
please tell her thanks,thanks
please tell her thanks,thanks
reply,
reply,
reply,
reply,
reply and say fine,fine
reply and say i'm sorry i have decided to go with another apartment,i'm sorry i have decided to go with another apartment
reply and say i'm sorry i have decided to go with another apartment,i'm sorry i have decided to go with another apartment
reply and say i'm sorry i have decided to go with another apartment,i'm sorry i have decided to go with another apartment
reply and say i'm sorry i have decided to go with another apartment,i'm sorry i have decided to go with another apartment
reply and say i'm sorry i have decided to go with another apartment,i'm sorry i have decided to go with another apartment
reply and say noted,noted
reply and say noted,noted
reply and say noted,noted
reply and say noted,noted
reply and say noted,noted
reply and say noted,noted
reply and say noted,noted
reply and say ok,ok
reply and say ok,ok
reply and say ok sorry to miss you,ok sorry to miss you
reply and say ok sorry to miss you,ok sorry to miss you
reply and say ok sorry to miss you,ok sorry to miss you
reply and say ok sorry to miss you,ok sorry to miss you
reply and say oops my bad,oops my bad
reply and say oops my bad,oops my bad
reply and say oops my bad,oops my bad
reply and say oops my bad,oops my bad
reply and say oops my bad,oops my bad
reply and say oops my bad,oops my bad
reply and say oops my bad,oops my bad
reply and say oops my bad,oops my bad
reply and say sorry not interested,sorry not interested
reply and say sorry not interested,sorry not interested
reply and say sorry not interested,sorry not interested
reply and say sorry not interested,sorry not interested
reply and say sorry not interested,sorry not interested
reply and say sorry not interested,sorry not interested
reply and say sorry not interested,sorry not interested
reply and say sorry not interested,sorry not interested
reply and say sorry not interested,sorry not interested
reply and say sorry not interested,sorry not interested
reply and say sorry not interested,sorry not interested
reply and say sorry not interested,sorry not interested
reply and say thank you,thank you
reply and say thank you,thank you
reply and say thank you,thank you
reply and say what are your plans today,what are your plans today
reply and say what are your plans today,what are your plans today
reply back and say great idea,great idea
reply back and say great idea,great idea
reply back and say it s still not working,it s still not working
reply back and say it s still not working,it s still not working
reply back and say it s still not working,it s still not working
reply back and say it s still not working,it s still not working
reply back are you cool if i invite josh next week,are you cool if i invite josh next week
reply back are you cool if i invite josh next week,are you cool if i invite josh next week
reply back are you cool if i invite josh next week,are you cool if i invite josh next week
reply back saying i'll be there in 20,i'll be there in 20
reply back saying i'll be there in 20,i'll be there in 20
reply back saying i'll be there in 20,i'll be there in 20
reply back saying i'll be there in 20,i'll be there in 20
reply back saying i'll be there in 20,i'll be there in 20
reply back saying i'll be there in 20,i'll be there in 20
reply back saying i'll be there in 20,i'll be there in 20
reply back saying i'll be there in 20,i'll be there in 20
reply back saying sorry i wont be able to attend,sorry i wont be able to attend
reply back saying sorry i wont be able to attend,sorry i wont be able to attend
reply back saying sorry i wont be able to attend,sorry i wont be able to attend
reply back saying sorry i wont be able to attend,sorry i wont be able to attend
reply back saying sorry i wont be able to attend,sorry i wont be able to attend
reply back saying sorry i wont be able to attend,sorry i wont be able to attend
reply back saying sorry i wont be able to attend,sorry i wont be able to attend
reply back saying sorry i wont be able to attend,sorry i wont be able to attend
reply back to deepak and say i hope you feel better,i hope you feel better
reply back to deepak and say i hope you feel better,i hope you feel better
reply back with food starts at 4,food starts at 4
reply back with food starts at 4,food starts at 4
reply back with food starts at 4,food starts at 4
reply back with food starts at 4,food starts at 4
reply back with food starts at 4,food starts at 4
reply back with food starts at 4,food starts at 4
reply back with food starts at 4,food starts at 4
reply back with food starts at 4,food starts at 4
reply back with i need a new laptop,i need a new laptop
reply back with i need a new laptop,i need a new laptop
reply back with i need a new laptop,i need a new laptop
reply back with i need a new laptop,i need a new laptop
reply back with i need a new laptop,i need a new laptop
reply back with i need an update on this,i need an update on this
reply back with i need an update on this,i need an update on this
reply back with i need an update on this,i need an update on this
reply back with i need an update on this,i need an update on this
reply back with i need this by monday morning,i need this by monday morning
reply back with i need this by monday morning,i need this by monday morning
reply back with i need this by monday morning,i need this by monday morning
reply back with i'm not sure if i'll be able to come but i'll let you know closer to date,i'm not sure if i'll be able to come but i'll let you know closer to date
reply back with i'm not sure if i'll be able to come but i'll let you know closer to date,i'm not sure if i'll be able to come but i'll let you know closer to date
reply back with i'm not sure if i'll be able to come but i'll let you know closer to date,i'm not sure if i'll be able to come but i'll let you know closer to date
reply back with i'm sorry you feel that way,i'm sorry you feel that way
reply back with i'm sorry you feel that way,i'm sorry you feel that way
reply back with i'm sorry you feel that way,i'm sorry you feel that way
reply back with i'm sorry you feel that way,i'm sorry you feel that way
reply back with i'm sorry you feel that way,i'm sorry you feel that way
reply back with i'm sorry you feel that way,i'm sorry you feel that way
reply back with i'm sorry you feel that way,i'm sorry you feel that way
reply back with i'm sorry you feel that way,i'm sorry you feel that way
reply back with i'm sorry you feel that way,i'm sorry you feel that way
reply back with that s ok,that s ok
reply back with that s ok,that s ok
reply back with that s ok,that s ok
reply back with that s ok,that s ok
reply back with that s ok,that s ok
reply back with that s ok,that s ok
reply back with that s ok,that s ok
reply back with the message i need your opinion on something,i need your opinion on something
reply back with the message i need your opinion on something,i need your opinion on something
reply back with the message i need your opinion on something,i need your opinion on something
reply back with the message i need your opinion on something,i need your opinion on something
reply back with the message i need your opinion on something,i need your opinion on something
reply back with the message i need your opinion on something,i need your opinion on something
reply back with the message i need your opinion on something,i need your opinion on something
reply back with the message i need your opinion on something,i need your opinion on something
reply back yes sir you got it,yes sir you got it
reply back yes sir you got it,yes sir you got it
reply back yes sir you got it,yes sir you got it
reply back yes sir you got it,yes sir you got it
reply but i am on leave next week,but i am on leave next week
reply but i am on leave next week,but i am on leave next week
reply but i am on leave next week,but i am on leave next week
reply but i am on leave next week,but i am on leave next week
reply for me,
reply for me,
reply for me,
reply here,
reply here,
reply i apologize and i'll make it right,i apologize and i'll make it right
reply i apologize and i'll make it right,i apologize and i'll make it right
reply i just got a selfie with oprah,i just got a selfie with oprah
reply i just got a selfie with oprah,i just got a selfie with oprah
reply i just got a selfie with oprah,i just got a selfie with oprah
reply i will look into it,i will look into it
reply saying hello,hello
reply saying hello,hello
reply saying hello,hello
reply saying hello,hello
reply saying lets discuss later in person,lets discuss later in person
reply saying lets discuss later in person,lets discuss later in person
reply saying lets discuss later in person,lets discuss later in person
reply saying lets discuss later in person,lets discuss later in person
reply saying lets discuss later in person,lets discuss later in person
reply saying lets discuss later in person,lets discuss later in person
reply saying lets discuss later in person,lets discuss later in person
reply saying lets discuss later in person,lets discuss later in person
reply saying lets discuss later in person,lets discuss later in person
reply saying lets discuss later in person,lets discuss later in person
reply saying we should catch up later,we should catch up later
reply saying we should catch up later,we should catch up later
reply saying we should catch up later,we should catch up later
reply that i have a dentist appointment then sorry,i have a dentist appointment then sorry
reply that i have a dentist appointment then sorry,i have a dentist appointment then sorry
reply that i have a dentist appointment then sorry,i have a dentist appointment then sorry
reply that i have a dentist appointment then sorry,i have a dentist appointment then sorry
reply that i have a dentist appointment then sorry,i have a dentist appointment then sorry
reply that i have a dentist appointment then sorry,i have a dentist appointment then sorry
reply that i have a dentist appointment then sorry,i have a dentist appointment then sorry
reply that s too soon,that s too soon
reply that s too soon,that s too soon
reply that s too soon,that s too soon
reply that s too soon,that s too soon
reply that the deadline is tuesday,the deadline is tuesday
reply that the deadline is tuesday,the deadline is tuesday
reply that the deadline is tuesday,the deadline is tuesday
reply to current email,
reply to current email,
reply to current email,
reply to current email,
reply to current email,
reply to current email,
reply to email,
reply to email,
reply to email,
reply to email with work is still in progress,work is still in progress
reply to email with work is still in progress,work is still in progress
reply to her,
reply to her,
reply to her,
reply to her,
reply to her,
reply to her,
reply to her,
reply to her,
reply to her,
reply to her,
reply to her and say i don't have johnny s email address,i don't have johnny s email address
reply to her and say i don't have johnny s email address,i don't have johnny s email address
reply to her and say i don't have johnny s email address,i don't have johnny s email address
reply to her and say i don't have johnny s email address,i don't have johnny s email address
reply to her and say i don't have johnny s email address,i don't have johnny s email address
reply to her and say i don't have johnny s email address,i don't have johnny s email address
reply to her and say i don't have johnny s email address,i don't have johnny s email address
reply to her and say i need your help,i need your help
reply to her and say i need your help,i need your help
reply to her and say i need your help,i need your help
reply to her and say i need your help,i need your help
reply to her and say i need your help,i need your help
reply to her and say i need your help,i need your help
reply to her with let s get together next week instead,let s get together next week instead
reply to her with let s get together next week instead,let s get together next week instead
reply to her with let s get together next week instead,let s get together next week instead
reply to her with let s sit down and talk about this today,let s sit down and talk about this today
reply to her with let s sit down and talk about this today,let s sit down and talk about this today
reply to her with let s sit down and talk about this today,let s sit down and talk about this today
reply to her with let s sit down and talk about this today,let s sit down and talk about this today
reply to her with let s sit down and talk about this today,let s sit down and talk about this today
reply to her with let s sit down and talk about this today,let s sit down and talk about this today
reply to him,
reply to him,
reply to him,
reply to him,
reply to him,
reply to him saying hey thanks for this,hey thanks for this
reply to him with hey the url is expired,hey the url is expired
reply to him with hey the url is expired,hey the url is expired
reply to him with hey the url is expired,hey the url is expired
reply to him with i finished this yesterday,i finished this yesterday
reply to him with i finished this yesterday,i finished this yesterday
reply to him with i finished this yesterday,i finished this yesterday
reply to him with i finished this yesterday,i finished this yesterday
reply to him with i finished this yesterday,i finished this yesterday
reply to him with i finished this yesterday,i finished this yesterday
reply to him with i finished this yesterday,i finished this yesterday
reply to him with i finished this yesterday,i finished this yesterday
reply to it saying we haven't finalized the main actress yet,we haven't finalized the main actress yet
reply to it with i need to know the answer by monday,i need to know the answer by monday
reply to my open email,
reply to my open email,
reply to my open email,
reply to my open email,
reply to my recent email,
reply to sender,
reply to sender,
reply to sender,
reply to sender,
reply to sender,
reply to sender,
reply to sender,
reply to that,
reply to that,
reply to that,
reply to that,
reply to that email,
reply to that email,
reply to that email,
reply to that email,
reply to that email,
reply to that email,
reply to that email,
reply to that email,
reply to that email,
reply to that email,
reply to that email,
reply to that email,
reply to that email,
reply to that mail,
reply to that mail,
reply to that mail,
reply to that mail,
reply to that mail,
reply to this,
reply to this,
reply to this,
reply to this,
reply to this,
reply to this,
reply to this,
reply to this,
reply to this and say give me a few days to mull it over,give me a few days to mull it over
reply to this and say give me a few days to mull it over,give me a few days to mull it over
reply to this and say give me a few days to mull it over,give me a few days to mull it over
reply to this and say sorry i am running late,sorry i am running late
reply to this and say sorry i am running late,sorry i am running late
reply to this and say sorry i am running late,sorry i am running late
reply to this and say sorry i am running late,sorry i am running late
reply to this and say sorry i am running late,sorry i am running late
reply to this and say sorry i am running late,sorry i am running late
reply to this and say sorry i am running late,sorry i am running late
reply to this and say sorry i am running late,sorry i am running late
reply to this and say sorry i am running late,sorry i am running late
reply to this and say sorry i am running late,sorry i am running late
reply to this e-mail,
reply to this e-mail,
reply to this e-mail,
reply to this e-mail,
reply to this e-mail,
reply to this email,
reply to this email,
reply to this email,
reply to this email,
reply to this email,
reply to this email,
reply to this email,
reply to this email,
reply to this email for me,
reply to this email for me,
reply to this email for me,
reply to this email for me,
reply to this email for me,
reply to this email for me,
reply to this email for me,
reply to this email for me,
reply to this email for me,
reply to this email saying good morning,good morning
reply to this email saying good morning,good morning
reply to this email saying how are you,how are you
reply to this email saying how are you,how are you
reply to this email saying how are you,how are you
reply to this email saying lets catch up soon,lets catch up soon
reply to this email saying lets catch up soon,lets catch up soon
reply to this email saying sure i will attend the party,sure i will attend the party
reply to this email saying sure i will attend the party,sure i will attend the party
reply to this email saying sure i will attend the party,sure i will attend the party
reply to this email saying sure i will attend the party,sure i will attend the party
reply to this email saying sure i will attend the party,sure i will attend the party
reply to this email saying sure i will attend the party,sure i will attend the party
reply to this email saying thank you,thank you
reply to this email saying thank you,thank you
reply to this email saying your request has been accepted,your request has been accepted
reply to this email saying your request has been accepted,your request has been accepted
reply to this email saying your request has been accepted,your request has been accepted
reply to this email saying your request has been accepted,your request has been accepted
reply to this email saying your request has been accepted,your request has been accepted
reply to this mail,
reply to this mail,
reply to this mail,
reply to this message,
reply to this message,
reply to this message please,
reply to this message with what s the status on this,what s the status on this
reply to this message with what s the status on this,what s the status on this
reply to this message with what s the status on this,what s the status on this
reply to this message with what s the status on this,what s the status on this
reply to this message with what s the status on this,what s the status on this
reply to this message with what s the status on this,what s the status on this
reply to this message with what s the status on this,what s the status on this
reply to this please,
reply to this please,
reply to this please,
reply to this please,
reply to this please,
reply to this with i know you can do this,i know you can do this
reply to this with the w9 forms are in my drawer,the w9 forms are in my drawer
reply to this with the w9 forms are in my drawer,the w9 forms are in my drawer
reply to this with the w9 forms are in my drawer,the w9 forms are in my drawer
reply to this with the w9 forms are in my drawer,the w9 forms are in my drawer
reply to this with the w9 forms are in my drawer,the w9 forms are in my drawer
reply to this with yes i can make it,yes i can make it
reply to this with yes i can make it,yes i can make it
reply to this with yes i can make it,yes i can make it
reply to this with yes i can make it,yes i can make it
reply to this with yes i can make it,yes i can make it
reply to tom i'm unavailable on thursday lets make it friday instead,i'm unavailable on thursday lets make it friday instead
reply to tom i'm unavailable on thursday lets make it friday instead,i'm unavailable on thursday lets make it friday instead
reply to tom i'm unavailable on thursday lets make it friday instead,i'm unavailable on thursday lets make it friday instead
reply to tom i'm unavailable on thursday lets make it friday instead,i'm unavailable on thursday lets make it friday instead
reply to tom with what ever happened with this project,what ever happened with this project
reply to tom with what ever happened with this project,what ever happened with this project
reply to tom with what ever happened with this project,what ever happened with this project
reply to tom with what ever happened with this project,what ever happened with this project
reply to tom with what ever happened with this project,what ever happened with this project
reply to tom with what ever happened with this project,what ever happened with this project
reply to tom with what ever happened with this project,what ever happened with this project
reply to tom with what ever happened with this project,what ever happened with this project
reply to tom with what ever happened with this project,what ever happened with this project
reply with a message,
reply with a message,
reply with can we meet at noon instead,can we meet at noon instead
reply with can we meet at noon instead,can we meet at noon instead
reply with can we meet at noon instead,can we meet at noon instead
reply with can you remind me about this in the meeting,can you remind me about this in the meeting
reply with can you remind me about this in the meeting,can you remind me about this in the meeting
reply with haha that s stupid,haha that s stupid
reply with haha that s stupid,haha that s stupid
reply with haha that s stupid,haha that s stupid
reply with haha that s stupid,haha that s stupid
reply with haha that s stupid,haha that s stupid
reply with haha that s stupid,haha that s stupid
reply with hello,hello
reply with hello,hello
reply with hello,hello
reply with hey can you share your thoughts,can you share your thoughts
reply with i don't think i want to see this movie looks boring,i don't think i want to see this movie looks boring
reply with i don't think i want to see this movie looks boring,i don't think i want to see this movie looks boring
reply with i don't think i want to see this movie looks boring,i don't think i want to see this movie looks boring
reply with i don't know the answer to this,i don't know the answer to this
reply with i don't know the answer to this,i don't know the answer to this
reply with i guess,i guess
reply with i guess,i guess
reply with i guess,i guess
reply with i guess,i guess
reply with i need the rent tomorrow,i need the rent tomorrow
reply with i need the rent tomorrow,i need the rent tomorrow
reply with i'm broke this weekend i'll hang out when i get paid next week,i'm broke this weekend i'll hang out when i get paid next week
reply with i'm broke this weekend i'll hang out when i get paid next week,i'm broke this weekend i'll hang out when i get paid next week
reply with i'm on that way just running a little late,i'm on that way just running a little late
reply with i'm on that way just running a little late,i'm on that way just running a little late
reply with i'm on that way just running a little late,i'm on that way just running a little late
reply with i'm on that way just running a little late,i'm on that way just running a little late
reply with k,k
reply with k,k
reply with k,k
reply with nevermind i found it,nevermind i found it
reply with oops sorry about that,oops sorry about that
reply with oops sorry about that,oops sorry about that
reply with oops sorry about that,oops sorry about that
reply with oops sorry about that,oops sorry about that
reply with oops sorry about that,oops sorry about that
reply with oops sorry about that,oops sorry about that
reply with oops sorry about that,oops sorry about that
reply with oops sorry about that,oops sorry about that
reply with oops sorry about that,oops sorry about that
reply with sorry this is not working,sorry this is not working
reply with sorry this is not working,sorry this is not working
reply with sorry this is not working,sorry this is not working
reply with thanks for the info,thanks for the info
reply with thanks for the info,thanks for the info
reply with there is no way we should invite kelly she s too crazy,there is no way we should invite kelly she s too crazy
reply with there is no way we should invite kelly she s too crazy,there is no way we should invite kelly she s too crazy
reply with there is no way we should invite kelly she s too crazy,there is no way we should invite kelly she s too crazy
reply with there is no way we should invite kelly she s too crazy,there is no way we should invite kelly she s too crazy
reply with you better ask steve johnson about this,you better ask steve johnson about this
reply with you better ask steve johnson about this,you better ask steve johnson about this
reply with you better ask steve johnson about this,you better ask steve johnson about this
reply with you better ask steve johnson about this,you better ask steve johnson about this
repond with can we have lunch at 2pm instead,can we have lunch at 2pm instead
repond with can we have lunch at 2pm instead,can we have lunch at 2pm instead
respond,
respond,
respond,
respond back,
respond back,
respond back,
respond back say i can't believe this happened i am so sorry,i can't believe this happened i am so sorry
respond to him with thanks,thanks
respond to him with thanks,thanks
respond to him with thanks,thanks
respond to him with thanks,thanks
respond to it saying no thanks,no thanks
respond to it saying no thanks,no thanks
respond to it saying no thanks,no thanks
respond to it saying no thanks,no thanks
respond to it saying no thanks,no thanks
respond to it saying no thanks,no thanks
respond to it saying no thanks,no thanks
respond to it saying no thanks,no thanks
respond to this,
respond to this,
respond to this,
respond to this,
respond to this,
respond to this,
respond to this,
respond to this,
respond to this email,
respond to this email,
respond to this email,
respond to this email,
respond to this email,
respond to this email,
respond to this email,
respond to this email,
respond to this email,
respond to this message,
respond to this message,
respond to this message please,
respond to this message please,
respond to this message please,
respond to this message please,
respond to this message please,
respond to this message please,
respond to this message please,
respond to this message please,
respond with do you want to meet at starbucks instead,do you want to meet at starbucks instead
respond with got it i'll get on it now,got it i'll get on it now
respond with got it i'll get on it now,got it i'll get on it now
respond with got it i'll get on it now,got it i'll get on it now
respond with got it i'll get on it now,got it i'll get on it now
respond with got it i'll get on it now,got it i'll get on it now
respond with got it i'll get on it now,got it i'll get on it now
respond with got it i'll get on it now,got it i'll get on it now
respond with got it i'll get on it now,got it i'll get on it now
respond with got it i'll get on it now,got it i'll get on it now
respond with got it i'll get on it now,got it i'll get on it now
respond with great see you at five,great see you at five
respond with great see you at five,great see you at five
respond with hey it was great meeting you too lets have a drink some time,hey it was great meeting you too lets have a drink some time
respond with hey it was great meeting you too lets have a drink some time,hey it was great meeting you too lets have a drink some time
respond with hey it was great meeting you too lets have a drink some time,hey it was great meeting you too lets have a drink some time
respond with hey it was great meeting you too lets have a drink some time,hey it was great meeting you too lets have a drink some time
respond with hey it was great meeting you too lets have a drink some time,hey it was great meeting you too lets have a drink some time
respond with hey it was great meeting you too lets have a drink some time,hey it was great meeting you too lets have a drink some time
respond with i didn't get a chance to complete this in time sorry,i didn't get a chance to complete this in time sorry
respond with i didn't get a chance to complete this in time sorry,i didn't get a chance to complete this in time sorry
respond with i didn't get a chance to complete this in time sorry,i didn't get a chance to complete this in time sorry
respond with i need more time to consider this,i need more time to consider this
respond with i need more time to consider this,i need more time to consider this
respond with i need more time to consider this,i need more time to consider this
respond with i need more time to consider this,i need more time to consider this
respond with i need more time to consider this,i need more time to consider this
respond with i need more time to consider this,i need more time to consider this
respond with let me see a sample of work please,let me see a sample of work please
respond with let s make it for tuesday instead,let s make it for tuesday instead
respond with let s make it for tuesday instead,let s make it for tuesday instead
respond with let s make it for tuesday instead,let s make it for tuesday instead
respond with let s make it for tuesday instead,let s make it for tuesday instead
respond with let s make it for tuesday instead,let s make it for tuesday instead
response back with thanks again,thanks again
response back with thanks again,thanks again
response to this mail,
response with can you take the garbage out tonight,can you take the garbage out tonight
response with can you take the garbage out tonight,can you take the garbage out tonight
response with let s meet on monday,let s meet on monday
response with let s meet on monday,let s meet on monday
say i'm off the wine for the week lets have a smoothie,i'm off the wine for the week lets have a smoothie
say i'm off the wine for the week lets have a smoothie,i'm off the wine for the week lets have a smoothie
say i'm off the wine for the week lets have a smoothie,i'm off the wine for the week lets have a smoothie
say thanks for letting me know,thanks for letting me know
say thanks for letting me know,thanks for letting me know
say thanks for letting me know,thanks for letting me know
say thanks for letting me know,thanks for letting me know
say thanks for letting me know,thanks for letting me know
say thanks for letting me know,thanks for letting me know
say thanks for letting me know,thanks for letting me know
say that dylan is going to help me color correct today,dylan is going to help me color correct today
say that i'll meet you at burger king because i'm broke,i'll meet you at burger king because i'm broke
say that i'll meet you at burger king because i'm broke,i'll meet you at burger king because i'm broke
say that i'll meet you at burger king because i'm broke,i'll meet you at burger king because i'm broke
say that i'll meet you at burger king because i'm broke,i'll meet you at burger king because i'm broke
say that i'll meet you at burger king because i'm broke,i'll meet you at burger king because i'm broke
say that i'll meet you at burger king because i'm broke,i'll meet you at burger king because i'm broke
say that i'll meet you at burger king because i'm broke,i'll meet you at burger king because i'm broke
say that i'll meet you at burger king because i'm broke,i'll meet you at burger king because i'm broke
say that i'm going to shoot on april second are you available,i'm going to shoot on april second are you available
say that i'm going to shoot on april second are you available,i'm going to shoot on april second are you available
say that i'm going to shoot on april second are you available,i'm going to shoot on april second are you available
say that i'm running about an hour late,i'm running about an hour late
say that i'm running about an hour late,i'm running about an hour late
say that i'm running about an hour late,i'm running about an hour late
say that i'm running about an hour late,i'm running about an hour late
say that i'm running about an hour late,i'm running about an hour late
say that i'm running about an hour late,i'm running about an hour late
say that jacob is going produce the hustle tv show instead,jacob is going produce the hustle tv show instead
say that jacob is going produce the hustle tv show instead,jacob is going produce the hustle tv show instead
say that jacob is going produce the hustle tv show instead,jacob is going produce the hustle tv show instead
say that jacob is going produce the hustle tv show instead,jacob is going produce the hustle tv show instead
say that jacob is going produce the hustle tv show instead,jacob is going produce the hustle tv show instead
say this looks alright and send it,this looks alright
say to him it s not going to work,it s not going to work
say to him it s not going to work,it s not going to work
say to him it s not going to work,it s not going to work
say to him it s not going to work,it s not going to work
say to him it s not going to work,it s not going to work
say to him it s not going to work,it s not going to work
say to him it s not going to work,it s not going to work
say to marsha we need to go pick up some ingredients for dinner,we need to go pick up some ingredients for dinner
say to marsha we need to go pick up some ingredients for dinner,we need to go pick up some ingredients for dinner
say to marsha we need to go pick up some ingredients for dinner,we need to go pick up some ingredients for dinner
say to marsha we need to go pick up some ingredients for dinner,we need to go pick up some ingredients for dinner
say to marsha we need to go pick up some ingredients for dinner,we need to go pick up some ingredients for dinner
send a message back,
send a message back,
send a message back,
send a message in response,
send a message that says i thought you finished this last week,i thought you finished this last week
send a message that says i thought you finished this last week,i thought you finished this last week
send a message that says i thought you finished this last week,i thought you finished this last week
send a message that says i thought you finished this last week,i thought you finished this last week
send a message that says i thought you finished this last week,i thought you finished this last week
send a message that says i thought you finished this last week,i thought you finished this last week
send a note back saying,
send a note back saying,
send a note back saying,
send a reply,
send a reply,
send a reply,
send a reply back to the sender of this message,
send a reply back to the sender of this message,
send a reply for me saying thank you,thank you
send a reply for me saying thank you,thank you
send a reply for me saying thank you,thank you
send a reply for me saying thank you,thank you
send a reply for me saying thank you,thank you
send a reply for me saying thank you,thank you
send a reply for me saying thank you,thank you
send a reply for me saying thank you,thank you
send a reply for me saying thank you,thank you
send a reply for me saying what s up,what s up
send a reply for me saying what s up,what s up
send a reply for me saying what s up,what s up
send a reply for me saying what s up,what s up
send a reply for me saying what s up,what s up
send a reply for me saying you are most welcome,you are most welcome
send a reply saying i did not see your car there sorry,i did not see your car there sorry
send a reply saying let s meet up later,let s meet up later
send a reply saying let s meet up later,let s meet up later
send a reply saying let s meet up later,let s meet up later
send a reply saying thanks,thanks
send a reply saying thanks,thanks
send a reply saying we should catch up soon,we should catch up soon
send a reply saying we should catch up soon,we should catch up soon
send a reply saying we should catch up soon,we should catch up soon
send a reply to the email,
send a reply to this,
send a reply to this,
send a reply to this,
send a reply to this,
send a reply to this,
send a reply to this,
send a reply to this,
send a reply to this,
send a reply to this,
send a reply to this,
send a reply to this,
send a reply to this,
send a reply to this email,
send a reply to this email,
send a reply to this email,
send a response,
send a response,
send a response saying hey what are you up to tonight,hey what are you up to tonight
send a response saying hey what are you up to tonight,hey what are you up to tonight
send a response saying hey what are you up to tonight,hey what are you up to tonight
send a response saying hey what are you up to tonight,hey what are you up to tonight
send a response saying hey what are you up to tonight,hey what are you up to tonight
send a response saying hey what are you up to tonight,hey what are you up to tonight
send an answer to this email,
send an answer to this email,
send an answer to this email,
send an answer to this email,
send an email response,
send an email response,
send an email response,
send an email response,
send an email response,
send an email response,
send an email response,
send an email response,
send an email response,
send an email response,
send back a note,
send back a note,
send back a note,
send back a reply,
send back a reply,
send back a reply,
send him an answer,
send him an answer,
send reply,
send reply,
send reply,
send them a reply and say i need something in red,i need something in red
send them a reply and say i need something in red,i need something in red
send them a reply and say i need something in red,i need something in red
send them a reply and say i need something in red,i need something in red
send them a reply and say i need something in red,i need something in red
send them a reply and say i need something in red,i need something in red
shoot a message back saying i need this in my life,i need this in my life
shoot a message back saying i need this in my life,i need this in my life
shoot a message back saying i need this in my life,i need this in my life
shoot a message back saying i need this in my life,i need this in my life
shoot a message back saying i need this in my life,i need this in my life
shoot a message back saying i need this in my life,i need this in my life
shoot a reply email back,
shoot a reply email back,
shoot a reply saying thanks for the amazing weekend,thanks for the amazing weekend
shoot a reply saying thanks for the amazing weekend,thanks for the amazing weekend
shoot a reply saying thanks for the amazing weekend,thanks for the amazing weekend
shoot a reply with be back in a few,be back in a few
shoot a reply with be back in a few,be back in a few
shoot a reply with be back in a few,be back in a few
shoot a reply with be back in a few,be back in a few
shoot a reply with be back in a few,be back in a few
shoot a reply with be back in a few,be back in a few
shoot a reply with be back in a few,be back in a few
shoot a reply with be back in a few,be back in a few
shoot a reply with be back in a few,be back in a few
shoot a response back,
shoot a response back,
shoot an email back saying my rate is 100 a day,my rate is 100 a day
shoot an email back saying my rate is 100 a day,my rate is 100 a day
shoot an email back saying my rate is 100 a day,my rate is 100 a day
shoot an email back saying my rate is 100 a day,my rate is 100 a day
shoot back a response,
shoot back a response,
shoot back a response,
shoot back a response,
shoot back a response,
shoot back a response,
shoot back a response,
shoot john a reply,
shoot john a reply,
shoot john a reply,
shoot john a reply,
start a reply,
start a reply,
start a reply,
start replying back,
start replying back,
start replying back,
start replying back,
start replying back,
start replying back,
start replying back,
start replying back,
start replying back,
tell bob for sure i'm down,for sure i'm down
tell hector i'm unable to come to the tuesday meeting,i'm unable to come to the tuesday meeting
tell hector i'm unable to come to the tuesday meeting,i'm unable to come to the tuesday meeting
tell her hey you still owe me the bill money,hey you still owe me the bill money
tell her hey you still owe me the bill money,hey you still owe me the bill money
tell her i don't know what time the check in is sorry,i don't know what time the check in is sorry
tell her i don't know what time the check in is sorry,i don't know what time the check in is sorry
tell her i don't know what time the check in is sorry,i don't know what time the check in is sorry
tell her i don't know what time the check in is sorry,i don't know what time the check in is sorry
tell her i need this by tomorrow,i need this by tomorrow
tell her i need this by tomorrow,i need this by tomorrow
tell her i sent the package out last tuesday,i sent the package out last tuesday
tell her i sent the package out last tuesday,i sent the package out last tuesday
tell her i sent the package out last tuesday,i sent the package out last tuesday
tell her i sent the package out last tuesday,i sent the package out last tuesday
tell her i sent the package out last tuesday,i sent the package out last tuesday
tell her ok,ok
tell her ok,ok
tell her ok,ok
tell her sorry for the late reponse but i will give you a call tomorrow,sorry for the late reponse but i will give you a call tomorrow
tell her sorry for the late reponse but i will give you a call tomorrow,sorry for the late reponse but i will give you a call tomorrow
tell her sorry for the late reponse but i will give you a call tomorrow,sorry for the late reponse but i will give you a call tomorrow
tell her sorry for the late reponse but i will give you a call tomorrow,sorry for the late reponse but i will give you a call tomorrow
tell her sorry for the late reponse but i will give you a call tomorrow,sorry for the late reponse but i will give you a call tomorrow
tell her sorry i missed out on this,sorry i missed out on this
tell her sorry i missed out on this,sorry i missed out on this
tell her sorry my bad,sorry my bad
tell her sorry that s not going to work for me,sorry that s not going to work for me
tell her sorry that s not going to work for me,sorry that s not going to work for me
tell her sorry that s not going to work for me,sorry that s not going to work for me
tell her sorry that s not going to work for me,sorry that s not going to work for me
tell her sorry that s not going to work for me,sorry that s not going to work for me
tell her thanks but no thanks,thanks but no thanks
tell her thanks but no thanks,thanks but no thanks
tell her thanks but no thanks,thanks but no thanks
tell her thanks but no thanks,thanks but no thanks
tell her that i'm unable to make it to the conference on friday i'm super busy,i'm unable to make it to the conference on friday i'm super busy
tell her that i'm unable to make it to the conference on friday i'm super busy,i'm unable to make it to the conference on friday i'm super busy
tell her that i'm unable to make it to the conference on friday i'm super busy,i'm unable to make it to the conference on friday i'm super busy
tell her that i'm unable to make it to the conference on friday i'm super busy,i'm unable to make it to the conference on friday i'm super busy
tell her this looks ok,this looks ok
tell her this looks ok,this looks ok
tell her this looks ok,this looks ok
tell her this looks ok,this looks ok
tell her this looks ok,this looks ok
tell her this looks ok,this looks ok
tell her wait didn't you see her at the event,wait didn't you see her at the event
tell her wait didn't you see her at the event,wait didn't you see her at the event
tell her wait didn't you see her at the event,wait didn't you see her at the event
tell her wait didn't you see her at the event,wait didn't you see her at the event
tell her wait didn't you see her at the event,wait didn't you see her at the event
tell him alright for me,alright
tell him alright for me,alright
tell him alright for me,alright
tell him can you send me the stats in a reply,can you send me the stats
tell him can you send me the stats in a reply,can you send me the stats
tell him can you send me the stats in a reply,can you send me the stats
tell him can you send me the stats in a reply,can you send me the stats
tell him come meet us for lunch at ihop on crenshaw at 2pm and bring cash,come meet us for lunch at ihop on crenshaw at 2pm and bring cash
tell him come meet us for lunch at ihop on crenshaw at 2pm and bring cash,come meet us for lunch at ihop on crenshaw at 2pm and bring cash
tell him come meet us for lunch at ihop on crenshaw at 2pm and bring cash,come meet us for lunch at ihop on crenshaw at 2pm and bring cash
tell him come meet us for lunch at ihop on crenshaw at 2pm and bring cash,come meet us for lunch at ihop on crenshaw at 2pm and bring cash
tell him come meet us for lunch at ihop on crenshaw at 2pm and bring cash,come meet us for lunch at ihop on crenshaw at 2pm and bring cash
tell him come meet us for lunch at ihop on crenshaw at 2pm and bring cash,come meet us for lunch at ihop on crenshaw at 2pm and bring cash
tell him come meet us for lunch at ihop on crenshaw at 2pm and bring cash,come meet us for lunch at ihop on crenshaw at 2pm and bring cash
tell him i'm sorry but the request is rejected,i'm sorry but the request is rejected
tell him i'm still waiting for an update,i'm still waiting for an update
tell him i'm still waiting for an update,i'm still waiting for an update
tell him i'm still waiting for an update,i'm still waiting for an update
tell him it s not gonna work,it s not gonna work
tell him it s not gonna work,it s not gonna work
tell him it s not gonna work,it s not gonna work
tell him it s not gonna work,it s not gonna work
tell him it s not gonna work,it s not gonna work
tell him it s not gonna work,it s not gonna work
tell him it s not gonna work,it s not gonna work
tell him it s not gonna work,it s not gonna work
tell him it s not gonna work,it s not gonna work
tell him it s not gonna work,it s not gonna work
tell him let s have a prep meeting tomorrow at 7 if you're free let me know,let s have a prep meeting tomorrow at 7 if you're free let me know
tell him let s have a prep meeting tomorrow at 7 if you're free let me know,let s have a prep meeting tomorrow at 7 if you're free let me know
tell him let s have a prep meeting tomorrow at 7 if you're free let me know,let s have a prep meeting tomorrow at 7 if you're free let me know
tell him maybe for me,maybe
tell him maybe for me,maybe
tell him okay for me,okay
tell him sorry i won't be able to make it,sorry i won't be able to make it
tell him sorry i won't be able to make it,sorry i won't be able to make it
tell him sorry i won't be able to make it,sorry i won't be able to make it
tell him sorry i won't be able to make it,sorry i won't be able to make it
tell him sorry i won't be able to make it,sorry i won't be able to make it
tell him sorry i won't be able to make it,sorry i won't be able to make it
tell him thanks,thanks
tell him thanks,thanks
tell him thanks,thanks
tell him thanks,thanks
tell him thanks,thanks
tell him thanks,thanks
tell him thanks,thanks
tell him thanks,thanks
tell him thanks for the information,thanks for the information
tell him thanks for the information,thanks for the information
tell him that i will make it happen,i will make it happen
tell him that i will make it happen,i will make it happen
tell him that i will make it happen,i will make it happen
tell him that i will make it happen,i will make it happen
tell him that i will make it happen,i will make it happen
tell him this is fine,this is fine
tell him this is fine,this is fine
tell him this is fine,this is fine
tell him this is fine,this is fine
tell him why don't we go to griffith park instead,why don't we go to griffith park instead
tell him why don't we go to griffith park instead,why don't we go to griffith park instead
tell him why don't we go to griffith park instead,why don't we go to griffith park instead
tell him why don't we go to griffith park instead,why don't we go to griffith park instead
tell him why don't we go to griffith park instead,why don't we go to griffith park instead
tell him why don't we go to griffith park instead,why don't we go to griffith park instead
tell maria let s meet up at the venue instead,let s meet up at the venue instead
tell susan i'll have to think about it,i'll have to think about it
tell susan i'll have to think about it,i'll have to think about it
tell susan i'll have to think about it,i'll have to think about it
tell tatiana that i will be there,i will be there
tell tatiana that i will be there,i will be there
tell them i'm not feeling so well i think i'm going to stay in tonight,i'm not feeling so well i think i'm going to stay in tonight
tell them i'm not feeling so well i think i'm going to stay in tonight,i'm not feeling so well i think i'm going to stay in tonight
tell them thank you,thank you
tell them thank you,thank you
tell them thank you,thank you
tell them thank you,thank you
tell them thank you,thank you
tell them thank you,thank you
tell them thank you,thank you
tell them thank you,thank you
tell them thank you,thank you
tell them thank you,thank you
tell them thank you,thank you
write a reply,
write a reply don't move out until next week,don't move out until next week
write a reply don't move out until next week,don't move out until next week
write a reply to email,
write a reply to email,
write a reply to email,
write a reply to email,
write a reply to email,
write a reply with the message i need this money,i need this money
write back and say i thought will was coming back to london tonight,i thought will was coming back to london tonight
write back and say i thought will was coming back to london tonight,i thought will was coming back to london tonight
write back and say i thought will was coming back to london tonight,i thought will was coming back to london tonight
write back and say i thought will was coming back to london tonight,i thought will was coming back to london tonight
write back and say i thought will was coming back to london tonight,i thought will was coming back to london tonight
write back and say maybe tell melissa too,maybe tell melissa too
write back and say maybe tell melissa too,maybe tell melissa too
write back and say maybe tell melissa too,maybe tell melissa too
write back and say maybe tell melissa too,maybe tell melissa too
write back and say maybe tell melissa too,maybe tell melissa too
write back and say maybe tell melissa too,maybe tell melissa too
write back and say maybe tell melissa too,maybe tell melissa too
write back and say maybe tell melissa too,maybe tell melissa too
write back and say maybe tell melissa too,maybe tell melissa too
write back and say maybe tell melissa too,maybe tell melissa too
write back and say maybe tell melissa too,maybe tell melissa too
write back saying i can't go,i can't go
write back saying i can't go,i can't go
write back saying i can't go,i can't go
write back saying i can't go,i can't go
write back saying i can't go,i can't go
write back saying i can't go,i can't go
write back saying i can't go,i can't go
write back saying that we can't push the meeting to 5,we can't push the meeting to 5
write back saying that we can't push the meeting to 5,we can't push the meeting to 5
write back saying that we can't push the meeting to 5,we can't push the meeting to 5
write back saying that we can't push the meeting to 5,we can't push the meeting to 5
write back saying that we can't push the meeting to 5,we can't push the meeting to 5
write back saying that we can't push the meeting to 5,we can't push the meeting to 5
write back saying what time is the meeting,what time is the meeting
write back saying what time is the meeting,what time is the meeting
write back saying what time is the meeting,what time is the meeting
write back saying what time is the meeting,what time is the meeting
write back saying what time is the meeting,what time is the meeting
write back telling maybe next time,maybe next time
write back telling maybe next time,maybe next time
write back telling maybe next time,maybe next time
write back telling maybe next time,maybe next time
write back to him with sorry that time doesn't work for me,sorry that time doesn't work for me
write back to him with sorry that time doesn't work for me,sorry that time doesn't work for me
write back to him with sorry that time doesn't work for me,sorry that time doesn't work for me
write back to him with sorry that time doesn't work for me,sorry that time doesn't work for me
write back to him with sorry that time doesn't work for me,sorry that time doesn't work for me
write back with i don't feel like going,i don't feel like going
write back with i don't feel like going,i don't feel like going
write back with i don't feel like going,i don't feel like going
write back with i don't feel like going,i don't feel like going
write back with i don't feel like going,i don't feel like going
write back with i'll have to think about it,i'll have to think about it
write back with i'll have to think about it,i'll have to think about it
you can say thanks for everything,thanks for everything
you can say thanks for everything,thanks for everything
you can say thanks for everything,thanks for everything
you can say thanks for everything,thanks for everything
