emailShow,emailContactDate,emailContact,emailDate,emailKeyword,emailSubject,emailCategory,emailUnread,emailLatest
find all emails from 2015 about chinese alive,2015,,,chinese alive,,,,
which ones from jess cha did I need to reply to,jess cha,,,,,reply,,
display emails from 4th october,4th october,,,,,,,
open my mails from 4th of December,4th of December,,,,,,,
can you read my e-mails from the 7th of April,7th of April,,,,,,,
search for the e-mail about fantasy football from aaron jones,aaron jones,,,fantasy football,,,,
have I got any unopened emails from abc@gmail.com,abc@gmail.com,,,,,,unopened,
read ada shen's emails,ada shen,,,,,,,
Show me the latest emails from alan,alan,,,,,,,
any missed ones from Alejandro Borbossa?,Alejandro Borbossa,,,,,,missed,
show me Alexa Melhorn emails which I have to reply,Alexa Melhorn,,,,,reply,,
do I have anything urgent from Alexis Chomsky,Alexis Chomsky,,,,,urgent,,
what did the email from alexis k ross say,alexis k ross,,,,,,,
read the latest email from allan jj waxman,allan jj waxman,,,,,,,latest
read my latest email from allen bolden,allen bolden,,,,,,,latest
show my latest emails,,,,,,,,latest
show my latest email,,,,,,,,latest
read my latest emails,,,,,,,,latest
Show me emails I need to respond to,,,,,,respond,,
Find emails I need to respond to,,,,,,respond,,
Read emails I need to respond to,,,,,,respond,,
What emails do I need to respond to,,,,,,respond,,
what emails do I need to respond to from Amy Schumer,Amy Schumer,,,,,respond,,
find the new email from anastasia gabor,anastasia gabor,,,,,,,new
read out the one from andre leon talley,andre leon talley,,,,,,,
find the email from andrew whitacre about job postings,andrew whitacre,,,job postings,,,,
read Ankita's emails which needs a reply,Ankita,,,,,reply,,
find all the emails from anna frederick,anna frederick,,,,,,,
search emails from anna lu owens about vista training,anna lu owens,,,vista training,,,,
open the one from anna wintour,anna wintour,,,,,,,
what is my critical email from Anna Zukowski about,Anna Zukowski,,,,,critical,,
find anne brown's newest email to me,anne brown,,,,,,,newest
show me the newest e-mail from anne christina-gomez,anne christina-gomez,,,,,,,newest
let's hear the urgent one from anthony sparks,anthony sparks,,,,,urgent,,
search inbox for messages from April 11th,April 11th,,,,,,,
find email from april 1st about bowling night,april 1st,,,bowling night,,,,
Unread mails from Aru,Aru,,,,,,Unread,
read me latest email from asteroid jones regarding product updates,asteroid jones,,,product updates,,,,latest
what are recent emails from B Lewis,B Lewis,,,,,,,recent
can you open my unopened emails from babatunde please,babatunde,,,,,,unopened,
hey can you read me my unread emails please from backspaceit,backspaceit,,,,,,unread,
read me emails from Barbara with the words meeting,Barbara,,,meeting,,,,
what emails do I have from bark lee tong,bark lee tong,,,,,,,
comb through my emails for ones from baxter stapleton about demos,baxter stapleton,,,demos,,,,
which ones did I miss from becky h ross,becky h ross,,,,,,miss,
show me the emails from ben carson about brain surgery,ben carson,,,brain surgery,,,,
find all my emails from beta leja,beta leja,,,,,,,
search for one from Betty Monroe that needs replying to,Betty Monroe,,,,,replying,,
which ones from Beverley Wallace have I not read,Beverley Wallace,,,,,,not read,
show meeting requests from Bill Davidson,Bill Davidson,,,,,meeting requests,,
find meeting emails from bill h rogers,bill h rogers,,,,,meeting,,
read my email from bill manning about elections happy hour,bill manning,,,elections happy hour,,,,
open my unread emails from bill piper,bill piper,,,,,,unread,
read emails from Billy Popik needing an answer,Billy Popik,,,,,answer,,
what emails do I have from boafoa darko,boafoa darko,,,,,,,
find the email from boafoa offei darko about the womens march,boafoa offei darko,,,womens march,,,,
what emails from bob smith do I need to reply to,bob smith,,,,,reply,,
what emails from bobross@gmail.com do I need to reply,bobross@gmail.com,,,,,reply,,
search for an email about birthday party sent from Brad Hall,Brad Hall,,,birthday party,,,,
read out to me emails from brian k smith,brian k smith,,,,,,,
show latest email from Bryan,Bryan,,,,,,,latest
search for butler's most recent mail to me,butler,,,,,,,recent
any one from Carol Caligari that needs reply,Carol Caligari,,,,,reply,,
find the email from cecile containing w9 form,cecile,,,w9 form,,,,
Show me latest emails from Chandra,Chandra,,,,,,,
can you read me emails regarding timelines from Chandra levy,Chandra levy,,,timelines,,,,
read me emails from Chandra Young with the words investment in snapchat,Chandra Young,,,investment in snapchat,,,,
show the email from chanel iman about modeling in paris,chanel iman,,,modeling in paris,,,,
find emails from charles schwab,charles schwab,,,,,,,
what email from Charlie DePew do I need to answer,Charlie DePew,,,,,answer,,
pull up charlotte frederich's latest email,charlotte frederich,,,,,,,latest
what does the one from chase bank say,chase bank,,,,,,,
which one from Chase Bank are marked unopen,Chase Bank,,,,,,unopen,
show me emails about data delivery API from chris,chris,,,data delivery API,,,,
what does christian perez important email say,christian perez,,,,,important,,
show emails I need to reply to from Christina Rossitto,Christina Rossitto,,,,,reply,,
can you read out chuck norris email,chuck norris,,,,,,,
show me meeting requests from Cindy Liu-Lee,Cindy Liu-Lee,,,,,meeting requests,,
find the emails from Clayton Herrman requesting to meet,Clayton Herrman,,,,,requesting to meet,,
find ones from cole that are urgent,cole,,,,,urgent,,
do I have any emails from Colin Hong that need I need to respond to,Colin Hong,,,,,respond,,
what emails from Connor Cushman do I have to reply to,Connor Cushman,,,,,reply,,
read Craig Mutchler's urgent email,Craig Mutchler,,,,,urgent,,
what's the meeting request from Cutter McSmith,Cutter McSmith,,,,,meeting request,,
did I miss any e-mails from cynthia,cynthia,,,,,,miss,
read to me some emails from cynthia erenas,cynthia erenas,,,,,,,
Display all needs a response e-mails from Dad,Dad,,,,,response,,
please read dad's email with subject camping trip,dad,,,,camping trip,,,
read me emails from Damon containing the words important,Damon,,,important,,,,
read recent mail from Dan Kane,Dan Kane,,,,,,,recent
which messages from daniel w are important,daniel w,,,,,important,,
can you find the email from danny fan,danny fan,,,,,,,
can you read emails sent from danny lee,danny lee,,,,,,,
can you read emails sent from danny lee about travis,danny lee,,,travis,,,,
find the email from danny lee about the hackathon,danny lee,,,hackathon,,,,
look for an email from David Andrew-Jones related to financial statement,David Andrew-Jones,,,financial statement,,,,
are there any ones from David Chang that I haven't read,David Chang,,,,,,haven't read,
read me recent email from David Lee-Warner,David Lee-Warner,,,,,,,recent
tell me what david peter tse's meeting email is about,david peter tse,,,,,meeting,,
search emails for the one from David Singh about vietnam trip,David Singh,,,vietnam trip,,,,
Show me emails from day before yesterday,day before yesterday,,,,,,,
did I get something from dean kamen about the grant,dean kamen,,,grant,,,,
read the mail from dean kamen of subject st louis,dean kamen,,,,st louis,,,
find emails about college track from december,december,,,college track,,,,
find the ones from december that mention stock options,december,,,stock options,,,,
look up emails from december that mention black friday,december,,,black friday,,,,
show me deedee cain's email with the subject that says family reunion,deedee cain,,,,family reunion,,,
can you find the email from deepak liu about timelines for marketing,deepak liu,,,timelines for marketing,,,,
find the newest e-mail from Deepak TVS,Deepak TVS,,,,,,,newest
read emails from Deepak TVS about demo updates,Deepak TVS,,,demo updates,,,,
read ones from Dennis that are unopened,Dennis,,,,,,unopened,
show urgent emails from Dick Van Dyke,Dick Van Dyke,,,,,urgent,,
pull up emails from Dimple Kyle with the words timelines,Dimple Kyle,,,timelines,,,,
what is the latest email from don draper,don draper,,,,,,,latest
what's the important one from donald trump about,donald trump,,,,,important,,
can you find emails from donatella  subject versace meeting,donatella,,,,versace meeting,,,
can you read the email I got from dr. obama,dr. obama,,,,,,,
do I have any new emails from duncan burns,duncan burns,,,,,,,new
read emails from dylan chapgier about tech shoot in the desert,dylan chapgier,,,tech shoot in the desert,,,,
read emails with subject burning man sent from dylan potter,dylan potter,,,,burning man,,,
search for the e-mail from eboni carter about casting,eboni carter,,,casting,,,,
do I have any email from eduardo chin,eduardo chin,,,,,,,
find most recent mail from Eileen Smooth,Eileen Smooth,,,,,,,recent
read the urgent one from Elijah Dreams,Elijah Dreams,,,,,urgent,,
what emails do I still need to reply to from Eliseo,Eliseo,,,,,reply,,
search for the most recent email from Elizabeth Chesley,Elizabeth Chesley,,,,,,,recent
open the unread emails from emily dickerson,emily dickerson,,,,,,unread,
could you find my emails from february 3rd,february 3rd,,,,,,,
pull up urgent emails from Fidel Castro,Fidel Castro,,,,,urgent,,
read me foshanda jenkins email with subject sync up,foshanda jenkins,,,,sync up,,,
what emails do I have to answer from Francia Nordling,Francia Nordling,,,,,answer,,
read me needs a response emails from gary,gary,,,,,response,,
do I have any meeting requests form Gary G Smith,Gary G Smith,,,,,meeting requests,,
search emails from gary vaynerchuck containing the words startup contract,gary vaynerchuck,,,startup contract,,,,
what is the meeting request from Gavin Williams about,Gavin Williams,,,,,meeting request,,
pull out emails from george malary jones,george malary jones,,,,,,,
show George Sterling emails awaiting response,George Sterling,,,,,awaiting response,,
find George Ulmer's email about the surprise dinner,George Ulmer,,,surprise dinner,,,,
what messages from George Washington needs reply,George Washington,,,,,reply,,
show me emails from gg lane,gg lane,,,,,,,
find gilli emails about sprint planning,gilli,,,sprint planning,,,,
read the emails from Gilli about the control room meetings,Gilli,,,control room meetings,,,,
pull up emails from gina rodriguez,gina rodriguez,,,,,,,
show emails that contain timezone request from Ginger San,Ginger San,,,timezone request,,,,
surface emails from ginger zee with the subject weather report,ginger zee,,,,weather report,,,
search for mail from Goliath Investments related to project timelines,Goliath Investments,,,project timelines,,,,
do I have an email from grace o'malley,grace o'malley,,,,,,,
read my gracenote emails,gracenote,,,,,,,
find emails about goop sent from gwyneth paltrow,gwyneth paltrow,,,goop,,,,
read an email from haley ng that had the subject london expenses,haley ng,,,,london expenses,,,
search emails for subject rent is due sent from hanna vo,hanna vo,,,,rent is due,,,
show me the last email I got from harry kardashian,harry kardashian,,,,,,,last
show any unseen e-mails from Harvey Cheesewinkle.,Harvey Cheesewinkle,,,,,,unseen,
read me the ones from Hasan which I missed reading,Hasan,,,,,,missed,
read the new one from Heather Collins,Heather Collins,,,,,,,new
get me emails from Hildegard Luthers that I need to reply,Hildegard Luthers,,,,,reply,,
get emais from Holly Schreckengast that still need an answer,Holly Schreckengast,,,,,answer,,
which emails from horizon are important,horizon,,,,,important,,
read to me hsu kang li's email,hsu kang li,,,,,,,
read to me Ian Bristowe's urgent email,Ian Bristowe,,,,,urgent,,
can you read the latest email from india love,india love,,,,,,,latest
find my emails from ipsy,ipsy,,,,,,,
find the email from issa rae about the hbo pilot,issa rae,,,hbo pilot,,,,
show emails from jack that are marked unread,jack,,,,,,unread,
show email from projack that are marked unread,projack,,,,,,unread,
where are the emails from jack dangermond about esri scholarship,jack dangermond,,,esri scholarship,,,,
read my emails from jack kane that mentions twitter stock,jack kane,,,twitter stock,,,,
did I miss reading anything from jacob babu,jacob babu,,,,,,miss,
read emails from jacob jojo concerning movie tickets,jacob jojo,,,,movie tickets,,,
can you read the message from jaden smith,jaden smith,,,,,,,
what is the recent email from james brown lee saying,james brown lee,,,,,,,recent
show me the email from James lynch about the party in moscow,James lynch,,,party in moscow,,,,
do I have unseen emails from Jamie Jones.,Jamie Jones,,,,,,unseen,
did I miss reading any from jane forester,jane forester,,,,,,miss,
read all emails from janet chu,janet chu,,,,,,,
what are my emails from janne kyttanen,janne kyttanen,,,,,,,
find emails from january regarding london flights,january,,,london flights,,,,
find my emails from January 20th,January 20th,,,,,,,
open the mail about kickstarter project from jason chan lee,jason chan lee,,,kickstarter project,,,,
I'm looking for an email with subject hong kong from jay lee,jay lee,,,,hong kong,,,
show me the one from jaya torres,jaya torres,,,,,,,
what emails from Jeff Kim require me to respond,Jeff Kim,,,,,respond,,
which one from Jefferson do I need to reply to,Jefferson,,,,,reply,,
read the one from Jenn Strople awaiting response,Jenn Strople,,,,,awaiting response,,
read jenner brady's mail,jenner brady,,,,,,,
show all my emails from jennifer martucci,jennifer martucci,,,,,,,
search emails for ones from jenny y yang,jenny y yang,,,,,,,
show me the emails from jerry mcguire about contract,jerry mcguire,,,contract,,,,
can you find messages from jessica alba about honest company,jessica alba,,,honest company,,,,
Go to unread messages from Jessica Davis,Jessica Davis,,,,,,unread,
search for mails from jessica myers-banks about wall street,jessica myers-banks,,,wall street,,,,
read out the one from jill biden smith,jill biden smith,,,,,,,
find me jim's emails,jim,,,,,,,
what were jimmy's meeting emails about,jimmy,,,,,meeting,,
what does the one from jj say,jj,,,,,,,
read to me the email from jj smith,jj smith,,,,,,,
what meeting invites do I have from jo jo king,jo jo king,,,,,meeting invites,,
can I see joan r hart's latest e-mail,joan r hart,,,,,,,latest
read me joe biden's emails,joe biden,,,,,,,
read my emails from joe namath that mentioned the hall of fame,joe namath,,,hall of fame,,,,
which of john's emails are considered important,john,,,,,important,,
find that unseen email from John Abraham,John Abraham,,,,,,unseen,
search john allen emails for lenovo,john allen,,,lenovo,,,,
what emails from john doe require action from me,john doe,,,,,require action,,
what are my missed ones from john harrow,john harrow,,,,,,missed,
what does john houston's meeting email say,john houston,,,,,meeting,,
get me john joseph's meeting invites,john joseph,,,,,meeting invites,,
what are john kane's emails have I not seen,john kane,,,,,,not seen,
read me emails from john smith,john smith,,,,,,,
what emails from John Smith haven't I read yet,John Smith,,,,,,haven't I read,
read the ones from johnny ko,johnny ko,,,,,,,
read me any emails from Johnny Woo about baseball with the subject fantasy league,Johnny Woo,,,baseball,fantasy league,,,
can you open my emails from jon snow,jon snow,,,,,,,
find email about the track team sent from jonathan o wang,jonathan o wang,,,track team,,,,
what are my important Jose Gonzalez emails,Jose Gonzalez,,,,,important,,
show me joy jones latest email,joy jones,,,,,,,latest
show all emails from judy phu about filming whoopi goldberg,judy phu,,,filming whoopi goldberg,,,,
read me e-mails that require action from Julia K,Julia K,,,,,require action,,
did I get an email from Julia Roberts about Notting Hill,Julia Roberts,,,Notting Hill,,,,
search for emails that say customer support from july,july,,,customer support,,,,
find ones about vista program from july,july,,,vista program,,,,
find e-mails from June 1st that had turbo tax in the subject line,June 1st,,,,turbo tax,,,
Find emails about data delivery API from juston,juston,,,data delivery API,,,,
search through my emails from ones from juston jj,juston jj,,,,,,,
tell me kaiser kuo's email,kaiser kuo,,,,,,,
what are the urgent emails from Kaitlyn P Drake,Kaitlyn P Drake,,,,,urgent,,
search my emails for ones from ken burns with the subject dinner plans,ken burns,,,,dinner plans,,,
can you open my emails from ken edmond,ken edmond,,,,,,,
what's the unread email from ken edmonds about,ken edmonds,,,,,,unread,
search for the email from ken hertz subject calibration suggestions,ken hertz,,,,calibration suggestions,,,
what did the new one from Kevin Cortez say,Kevin Cortez,,,,,,,new
read me the email from kim kardashian,kim kardashian,,,,,,,
show emails with subject kendall jenner sent from kris jenner,kris jenner,,,,kendall jenner,,,
find my emails from kristina lopez subject royal stamps,kristina lopez,,,,royal stamps,,,
read the ones from kyle that are marked unread,kyle,,,,,,unread,
read emails from kylie lecool,kylie lecool,,,,,,,
Show me emails from last 5 hours,last 5 hours,,,,,,,
can you read my emails received from last August,last August,,,,,,,
show me all the emails I have from last Monday.,last Monday,,,,,,,
pull up all my emails from last month about dodgers games,last month,,,dodgers games,,,,
can you find all my emails from last month about expenses,last month,,,expenses,,,,
find me emails about the getty tickets from last month,last month,,,getty tickets,,,,
search for the ones from last month about bill money,last month,,,bill money,,,,
show the email that was about hack for la from last month,last month,,,hack for la,,,,
find all the emails from last month having subject sprint planning,last month,,,,sprint planning,,,
search my inbox for subject apsa from last month,last month,,,,apsa,,,
could you find the one from last Sunday that mentions soccer game,last Sunday,,,soccer game,,,,
search for ones with subject river rafting from last Tuesday,last Tuesday,,,,river rafting,,,
open my emails from last Wednesday,last Wednesday,,,,,,,
read my email from last week about the aneeda release updates,last week,,,aneeda release updates,,,,
show the emails about wink demo from last week,last week,,,wink demo,,,,
can you search for ones about happy hour from last week,last week,,,happy hour,,,,
find that one from last week talking about monica garcia,last week,,,monica garcia,,,,
look for messages with subject foxxconn from last week,last week,,,,foxxconn,,,
find emails with miami in the subject from last week,last week,,,,miami,,,
Read me my unopened e-mails from Laura,Laura,,,,,,unopened,
search through my inbox for unread emails from laura,laura,,,,,,unread,
read legretta's emails with subject call sheet,legretta,,,,call sheet,,,
what's the last email I got from lewis haversham,lewis haversham,,,,,,,last
read recently sent emails from Lilly K,Lilly K,,,,,,,recently sent
read the emails from lilly kam about berlin,lilly kam,,,berlin,,,,
read recent ones from lilly starr,lilly starr,,,,,,,recent
show me emails from Lilly Zee mentioning training data requests,Lilly Zee,,,training data requests,,,,
find emails from lily about china summer program,lily,,,china summer program,,,,
can I see e-mails from ll cool j that that have the subject concert in miami,ll cool j,,,,concert in miami,,,
help me find emails from llcoolj@iam.net,llcoolj@iam.net,,,,,,,
any unseen email from lu_steel@yandex.ru.,lu_steel@yandex.ru,,,,,,unseen,
read my emails from lucky palmer that mention football,lucky palmer,,,football,,,,
find lucy's emails that have subject laundry items,lucy,,,,laundry items,,,
Display important email messages from lucy.stein@aol.com,lucy.stein@aol.com,,,,,important,,
Please read unread emails from Luis Cosson,Luis Cosson,,,,,,unread,
emails from lulu that require action from me,lulu,,,,,require action,,
can you read the one from marc benioff,marc benioff,,,,,,,
read Margeret Thatcher's new email to me,Margeret Thatcher,,,,,,,new
I need to respond to what email from Marilyn Squigs,Marilyn Squigs,,,,,respond,,
show me mark bryant's meeting requests to me,mark bryant,,,,,meeting requests,,
read me mark duncan's new email,mark duncan,,,,,,,new
search for the email from mark zuckerberg about the sf event,mark zuckerberg,,,sf event,,,,
show me all emails from marnie wu that have the subject steam expenses,marnie wu,,,,steam expenses,,,
could you pull up mary smith most recent email,mary smith,,,,,,,recent
pull up mathan's email about volunteers,mathan,,,volunteers,,,,
read me mathan johnson's emails,mathan johnson,,,,,,,
read out emails from may about mit internships,may,,,mit internships,,,,
aneeda could you read emails from may that mention steam expenses,may,,,steam expenses,,,,
read the e-mail from may ling wu about w9 forms,may ling wu,,,w9 forms,,,,
can you read the email I got from mayor eric garcetti,mayor eric garcetti,,,,,,,
open all unread emails from mechanical turk,mechanical turk,,,,,,unread,
Please pull up needs a response emails from megan@mac.com.,megan@mac.com,,,,,response,,
open the one from meja shoba,meja shoba,,,,,,,
show my new emails from Meryl Jones,Meryl Jones,,,,,,,new
could you find meryl perez's most recent email to me,meryl perez,,,,,,,recent
can you read me michael's urgent email,michael,,,,,urgent,,
find the email from michael lee about rent,michael lee,,,rent,,,,
read me michelle obama's emails to me,michelle obama,,,,,,,
any ones from mike collins that are not opened,mike collins,,,,,,not opened,
find any emails from mike jones I haven't read yet,mike jones,,,,,,haven't read,
do I have any emails unread from ming ming lee,ming ming lee,,,,,,unread,
what emails from Miranda Dimase do I need to answer,Miranda Dimase,,,,,answer,,
read the one from miriam h scott,miriam h scott,,,,,,,
find emails from the MIT alumni association,MIT alumni association,,,,,,,
do I have any important emails from mom,mom,,,,,important,,
what are mom's emails have I not read,mom,,,,,,not read,
I need emails from mom containing subject irs forms,mom,,,,irs forms,,,
read ones from mona lisa that are urgent,mona lisa,,,,,urgent,,
show me the emails from Monday,Monday,,,,,,,
please show the one about milo cash from Monday,Monday,,,milo cash,,,,
can you find morgana ash's latest mail,morgana ash,,,,,,,latest
what are the emails from mr belvedere about the housekeeper,mr belvedere,,,housekeeper,,,,
have I got any unread emails from Mr. John Sienna,Mr. John Sienna,,,,,,unread,
show me ones from Narasimma Rao that are unread,Narasimma Rao,,,,,,unread,
what mails from Natalie Schulz do I gotta reply to,Natalie Schulz,,,,,reply,,
show the Nick Janes messages that I have missed,Nick Janes,,,,,,missed,
do I need to respond to anything from Nikki Effenberg,Nikki Effenberg,,,,,respond,,
read all of noam's emails about planning,noam,,,planning,,,,
find me emails from only October 21 2016,October 21 2016,,,,,,,
is there an email with subject gym membership from olga lee,olga lee,,,,gym membership,,,
what's the critical email from Olivia Munn about,Olivia Munn,,,,,critical,,
search mail from sender oscar salinas,oscar salinas,,,,,,,
read me the email from oscar salinas about renting the bus,oscar salinas,,,renting the bus,,,,
read the one from pam jo,pam jo,,,,,,,
find the email Patrina sent regarding halloween party decoration,Patrina,,,halloween party decoration,,,,
get me emails from Patrina regarding weekly QA status,Patrina,,,weekly QA status,,,,
what are the emails that I need to reply to from paul marie,paul marie,,,,,reply,,
show me peggy sue's latest email,peggy sue,,,,,,,latest
what are newest emails from Peter Jackson about,Peter Jackson,,,,,,,newest
find any unseen emails received from Peter Rabbit,Peter Rabbit,,,,,,unseen,
read me needs a response emails from Phil Creighton.,Phil Creighton,,,,,response,,
Show me emails from Philip,Philip,,,,,,,
which from Philip Gorbechev needs reply,Philip Gorbechev,,,,,reply,,
Is there any unopened ones from philip HR smith,philip HR smith,,,,,,unopened,
read me all unopen emails from Phillip Jones,Phillip Jones,,,,,,unopen,
show most recent emails from Pier,Pier,,,,,,,recent
please look for unread emails from contact piperpeter123@yahoo.com,piperpeter123@yahoo.com,,,,,,unread,
read incoming emails from polo molina,polo molina,,,,,,,
show the newest ones from Pooja,Pooja,,,,,,,newest
fetch emails from Pooja concerning the nlu server updates,Pooja,,,nlu server updates,,,,
open the recent one from pooja kushalappa,pooja kushalappa,,,,,,,recent
search and open my emails from the previous Monday,previous Monday,,,,,,,
find emails from princess about airbnb,princess,,,airbnb,,,,
read the email from professor patrick,professor patrick,,,,,,,
read emails coming from rachel groberman,rachel groberman,,,,,,,
read my email from rachel groberman about the internship,rachel groberman,,,internship,,,,
what did I miss from rachel jo-walker,rachel jo-walker,,,,,,miss,
read the most recent email from Rachel O'Connell,Rachel O'Connell,,,,,,,recent
show all my emails from Rafael that require action,Rafael,,,,,require action,,
has rafael reif emails me about the judging event,rafael reif,,,judging event,,,,
open the one from randeep chopra,randeep chopra,,,,,,,
read me randy lee's emails about the grand challenges,randy lee,,,the grand challenges,,,,
read my emails from randyatkins@yahoo.com,randyatkins@yahoo.com,,,,,,,
can you find from Ranu Johns about eliza project,Ranu Johns,,,eliza project,,,,
can you find the email from Ray Li about the coupons discount,Ray Li,,,coupons discount,,,,
search for rebecca stanley's most recent email to me,rebecca stanley,,,,,,,recent
check my emails from Rene,Rene,,,,,,,
Read my email from Rene Ritchie,Rene Ritchie,,,,,,,
find email from richard bexter subject is KPI goals,richard bexter,,,,KPI goals,,,
pull up the one from rick ross,rick ross,,,,,,,
show emails from RinkyFord with words product review meeting,RinkyFord,,,product review meeting,,,,
show email from Rinky Ford with words project review meeting,Rinky Ford,,,project review meeting,,,,
read me rita ora's newest email,rita ora,,,,,,,newest
open the ones I haven't read yet from sender Robert Banks,Robert Banks,,,,,,haven't read,
show recent ones from Robert Louis Stevenson,Robert Louis Stevenson,,,,,,,recent
what's the most recent one from robert towne about,robert towne,,,,,,,recent
can you read me ron conway's mails,ron conway,,,,,,,
read the critical email from Rose Marcowicz,Rose Marcowicz,,,,,critical,,
find ross moore's email with subject line hello stranger,ross moore,,,,hello stranger,,,
open rowena lau's emails that I haven't read,rowena lau,,,,,,haven't read,
what's the urgent email from Roy Caridi,Roy Caridi,,,,,urgent,,
show me unopen emails from ruturajghule@gmail.com,ruturajghule@gmail.com,,,,,,unopen,
do I got any critical emails from Ryan Frankel,Ryan Frankel,,,,,critical,,
search my inbox for emails from ryan gosling about audition for la la land,ryan gosling,,,audition for la la land,,,,
do I have a meeting request from Ryan Gosselin,Ryan Gosselin,,,,,meeting request,,
find emails of subject students loans from sallie mae,sallie mae,,,,students loans,,,
search for all important emails from Sally Horn,Sally Horn,,,,,important,,
search for email from Sam Fierro that needs me to answer,Sam Fierro,,,,,answer,,
read the one from sam smith,sam smith,,,,,,,
show me sandy lee's email,sandy lee,,,,,,,
did I miss anything from sandy tomas,sandy tomas,,,,,,miss,
what are the emails from sarah brown that are still unread,sarah brown,,,,,,unread,
what is sarah bryant's important email saying,sarah bryant,,,,,important,,
can you find any unseen emails received from Sara-King Maxwell,Sara-King Maxwell,,,,,,unseen,
read scott shih's urgent email,scott shih,,,,,urgent,,
what are the emails about meetings from sean hayes,sean hayes,,,meetings,,,,
can you find the latest email from sean ross,sean ross,,,,,,,latest
read me the emails from sebastien catayenot,sebastien catayenot,,,,,,,
search for emails that mention alumni ball tickets from september,september,,,alumni ball tickets,,,,
read my email from september 2nd,september 2nd,,,,,,,
show the latest emails from shadae lamar smith,shadae lamar smith,,,,,,,latest
tell me about shivana karan's meeting email,shivana karan,,,,,meeting,,
show me latest email from Sindhu,Sindhu,,,,,,,
what's the latest one from smith about,smith,,,,,,,latest
can you read the latest email from Smith Ko,Smith Ko,,,,,,,latest
find the last email from smith solomon jones,smith solomon jones,,,,,,,last
read emails from Smithy regarding football scores,Smithy,,,football scores,,,,
what's the newest one from sonia rossly about,sonia rossly,,,,,,,newest
read the message from soyoung about buttons,soyoung,,,buttons,,,,
what's the meeting invite from Stephen Brian,Stephen Brian,,,,,meeting invite,,
get me the latest email from steve marx,steve marx,,,,,,,latest
what emails do I have from steve ross are marked important,steve ross,,,,,important,,
can you read me the latest email from stevie o,stevie o,,,,,,,latest
find emails from Sunday with subject shabbat,Sunday,,,,shabbat,,,
see if there are any unread ones from support@actfiber.com,support@actfiber.com,,,,,,unread,
read all the emails from sydney lowe to me,sydney lowe,,,,,,,
are there any unread mails from symone simpson,symone simpson,,,,,,unread,
what were the emails from tammy le,tammy le,,,,,,,
find the email from tammy le about the jet,tammy le,,,jet,,,,
read me all emails from tatiana,tatiana,,,,,,,
pull up the message from tatiana litvin about grants,tatiana litvin,,,grants,,,,
Please display all meeting request emails from Ted Robinson.,Ted Robinson,,,,,meeting request,,
find emails from thanos that contain the words film festival,thanos,,,film festival,,,,
read the email from the pope,the pope,,,,,,,
identify the email from this week that was about sandbox summit,this week,,,sandbox summit,,,,
search for my thomas lee jones emails,thomas lee jones,,,,,,,
read me thursday's emails,thursday,,,,,,,
get me ones from Thursday September 4,Thursday September 4,,,,,,,
show me emails from Thursday September 4,Thursday September 4,,,,,,,
read out the critical message from Tim Hunter,Tim Hunter,,,,,critical,,
open tim kane's email that has the subject sorry,tim kane,,,,sorry,,,
did I get an email from tina farris on the concert,tina farris,,,concert,,,,
aneeda please show my unread emails from TJ cole,TJ cole,,,,,,unread,
read back tom lee's emails to me,tom lee,,,,,,,
show me ones from tom narumi that are not read yet,tom narumi,,,,,,not read,
get tommy lau's email subject camping in big bear,tommy lau,,,,camping in big bear,,,
get emails from tommy lee jones about filming in vegas,tommy lee jones,,,filming in vegas,,,,
tell me what the one from travis l scott says,travis l scott,,,,,,,
did I get a meeting request from travis star,travis star,,,,,meeting request,,
read my emails from Tuesday,Tuesday,,,,,,,
pull up the emails from Tuesday,Tuesday,,,,,,,
read me all emails from Tuesday,Tuesday,,,,,,,
show my email from Tuesday about the broad museum,Tuesday,,,broad museum,,,,
find all my emails from turbo tax,turbo tax,,,,,,,
search for emails from turbo tax,turbo tax,,,,,,,
I need to see all my emails from two thursdays ago,two thursdays ago,,,,,,,
read me the one from tyra banks,tyra banks,,,,,,,
read the email from uncle johnny,uncle johnny,,,,,,,
what emails from uniquegemini@yahoo.com are unopened,uniquegemini@yahoo.com,,,,,,unopened,
read my emails from vicks@yahoo.com,vicks@yahoo.com,,,,,,,
show me all meeting invite from Victoria B Ho,Victoria B Ho,,,,,meeting invite,,
get the email from vids about the china meeting,vids,,,china meeting,,,,
show me all the emails from Wednesday,Wednesday,,,,,,,
show the emails from Wednesday that contain the subject meeting,Wednesday,,,,meeting,,,
what emails do I have from will adams,will adams,,,,,,,
find messages sent from will.i.am subject music issues,will.i.am,,,,music issues,,,
show emails from William Meyers awaiting response,William Meyers,,,,,awaiting response,,
show email from Will.i.am awaiting response,Will.i.am,,,,,awaiting response,,
show meeting invites from sender Xander Cheyne,Xander Cheyne,,,,,meeting invites,,
find that last email from yara anakrishnan,yara anakrishnan,,,,,,,last
show me emails from yesterday,yesterday,,,,,,,
read to me all emails dated from yesterday.,yesterday,,,,,,,
catch me up on yesterday's emails,yesterday,,,,,,,
can you read the one from yossi,yossi,,,,,,,
can you read the emails from yossi about chatbot,yossi,,,chatbot,,,,
show me the critical message from Zoe Bornhorst,Zoe Bornhorst,,,,,critical,,
read emails sent from jonathan ho,jonathan ho,,,,,,,
read all of noam mor's emails,noam mor,,,,,,,
find emails from bradpitt@gmail.com,bradpitt@gmail.com,,,,,,,
read the emails sent from susancarter@me.net,susancarter@me.net,,,,,,,
seach for emails sent from lucywang@yang.me,lucywang@yang.me,,,,,,,
did tom brady send me anything,,tom brady,,,,,,
has vids samanta sent me any email,,vids samanta,,,,,,
did so young send me anything,,so young,,,,,,
read my emails sent by anna segal,,anna segal,,,,,,
read the one tina farris sent me,,tina farris,,,,,,
search emails sender john allen,,john allen,,,,,,
please read the email sent by tammy le,,tammy le,,,,,,
show me the one sent by tatiana litvin,,tatiana litvin,,,,,,
read the one that randy rogers sent,,randy rogers,,,,,,
search for emails by sender gilli kole,,gilli kole,,,,,,
can you find the emails from the sender danny lee jacobs,,danny lee jacobs,,,,,,
show me all emails from sender name gracenote,,gracenote,,,,,,
search emails for sender name robert allen johnson,,robert allen johnson,,,,,,
read emails where the sender is will smith,,will smith,,,,,,
read the message that ruben estrada sent,,ruben estrada,,,,,,
show me emails from sender elaine wong,,elaine wong,,,,,,
search for emails sent by thomas bolno,,thomas bolno,,,,,,
open the email that ileana sent me,,ileana,,,,,,
search my emails with jeremy matters,,jeremy matters,,,,,,
read the one sent by simon walters,,simon walters,,,,,,
what did jay lee say in her mail,,jay lee,,,,,,
what is lu lu perez saying in her email,,lu lu perez,,,,,,
what did tyler perry say in his email,,tyler perry,,,,,,
get emails sent by richard branson,,richard branson,,,,,,
read the one that laurene sent me,,laurene,,,,,,
what did jason alexander wang say,,jason alexander wang,,,,,,
search for emails coming from charles schwab,,charles schwab,,,,,,
search emails sent by yang shuo,,yang shuo,,,,,,
what did polo say in his email,,polo,,,,,,
what did mya king-smith have to say in that email,,mya king-smith,,,,,,
tell me what alan jones medina says in his email,,alan jones medina,,,,,,
what is will.i.am saying,,will.i.am,,,,,,
what does askia rose want,,askia rose,,,,,,
what does the one from wendi morris say,,wendi morris,,,,,,
read the one by camilla cabello,,camilla cabello,,,,,,
tell me what aliyah st james says,,aliyah st james,,,,,,
what did zoe melzer need,,zoe melzer,,,,,,
what is johnny ives saying,,johnny ives,,,,,,
what is jimmy iovine saying in his email,,jimmy iovine,,,,,,
what does michelle obama need,,michelle obama,,,,,,
tell me what ariana grande wants,,ariana grande,,,,,,
what did lee ann tang write,,lee ann tang,,,,,,
what did jo jo lewis say to me,,jo jo lewis,,,,,,
show emails from the address doloresabernathy@gmail.com,,doloresabernathy@gmail.com,,,,,,
show email from the address dolore_sabernathy@gmail.com,,dolore_sabernathy@gmail.com,,,,,,
find emails sent by allen@who.com,,allen@who.com,,,,,,
find emails sent by schwab.com,,schwab.com,,,,,,
what is mint.com saying in the email,,mint.com,,,,,,
what is the important one by Roger Rodriguez about,,Roger Rodriguez,,,,important,,
read the important one sent by Billy Crystal,,Billy Crystal,,,,important,,
let's hear the important email from sender Jennifer Segal,,Jennifer Segal,,,,important,,
do I have any important emails sender name Diane Keaton,,Diane Keaton,,,,important,,
show critical emails by Scout Brisson,,Scout Brisson,,,,critical,,
search urgent ones sent by Johnny Selsor,,Johnny Selsor,,,,urgent,,
show ones by Richard Nixon that are awaiting response,,Richard Nixon,,,,awaiting response,,
show the ones sent by Eloise Mora that are awaiting response,,Eloise Mora,,,,awaiting response,,
open ones sent by Leigh-Ann that needs a reply,,Leigh-Ann,,,,reply,,
emails sent by Sonya Das that needs a reply,,Sonya Das,,,,reply,,
show those sent by Dimitar D that needs reply,,Dimitar D,,,,reply,,
show the one by Martha Stewart which needs reply,,Martha Stewart,,,,reply,,
find the one sent by Oprah which needs replying to,,Oprah,,,,replying,,
have to reply to which emails by emily renz,,emily renz,,,,reply,,
do I need to respond to Annie Anderson about anything,,Annie Anderson,,,,respond,,
find email sent by Roger Stoner that needs a response,,Roger Stoner,,,,response,,
did Amanda Lowry send me an email that needs to be answered,,Amanda Lowry,,,,answered,,
did Jane Fessenden send me anything that needs an answer,,Jane Fessenden,,,,answer,,
has Allie Erixxon sent me anything that needs an answer,,Allie Erixxon,,,,answer,,
is Jake Mooney waiting on a response from me,,Jake Mooney,,,,response,,
has murray lee sent me any meeting requests,,murray lee,,,,meeting requests,,
did angie parker jones send me any meeting invite,,angie parker jones,,,,meeting invite,,
did mom send me a meeting request,,mom,,,,meeting request,,
did mom send me any meeting invites,,mom,,,,meeting invites,,
I would like to see all the require action emails sent by Stephen,,Stephen,,,,require action,,
what do I need to reply to mary smith about,,mary smith,,,,reply,,
find unread emails sent by elizabeth yee,,elizabeth yee,,,,,unread,
show me ones sent by varun that I haven't opened yet,,varun,,,,,haven't opened,
display missed mails from sender called iamplus,,iamplus,,,,,missed,
open missed ones from sender Unicach University,,Unicach University,,,,,missed,
Do I have any unopened ones from the sender Mark streiss?,,Mark streiss,,,,,unopened,
go through my inbox for unopened mail sender is suresh,,suresh,,,,,unopened,
read me unseen emails sent by Amanda,,Amanda,,,,,unseen,
which ones haven't I read that john sent me,,john,,,,,haven't I read,
which messages did I miss reading sent by grace fu,,grace fu,,,,,miss,
what does P donaldson say in his latest email,,P donaldson,,,,,,latest
what did amanda lor say in her latest email,,amanda lor,,,,,,latest
please read the last email that emily ollapara sent me,,emily ollapara,,,,,,last
find my emails sent from janet on Tuesday,,janet,Tuesday,,,,,
read me emails from my wife that she sent on Monday,,wife,Monday,,,,,
read emails from Matt Smith from Sunday,,Matt Smith,Sunday,,,,,
read me e-mails sent by Dad on Saturday,,Dad,Saturday,,,,,
read the email that mike sent me on Monday,,mike,Monday,,,,,
can you find the email that travis seely sent me last Tuesday,,travis seely,last Tuesday,,,,,
find the email that conrad hilton sent yesterday,,conrad hilton,yesterday,,,,,
find jeff's email sent on may 11th,,jeff,may 11th,,,,,
search for email from royalsfan@hotmail.com sent on Monday,,royalsfan@hotmail.com,Monday,,,,,
did mom send me any emails on november 5th,,mom,november 5th,,,,,
read ME ALL EMAILS FROM EUGENE SMITH sent on march 2nd,,EUGENE SMITH,march 2nd,,,,,
show me emails that ted sent me on july 4th,,ted,july 4th,,,,,
can you find the email jacob hope sent me on may 7th,,jacob hope,may 7th,,,,,
show me e-mails from jennifer k jilly which were sent last week,,jennifer k jilly,last week,,,,,
can you find the email sent by mr jones on june 1st,,mr jones,june 1st,,,,,
did amanda send me an email on Monday,,amanda,Monday,,,,,
has yannick pierre sent me any emails last week,,yannick pierre,last week,,,,,
get emails from janedoe@email.com sent on Sunday,,janedoe@email.com,Sunday,,,,,
find the email from Lyndsey on Monday,,Lyndsey,Monday,,,,,
read all emails from johnny m ratzendorf sent on Thursday,,johnny m ratzendorf,Thursday,,,,,
can you find emails from amy winchester on december 4th,,amy winchester,december 4th,,,,,
Find all emails sent on april 2nd from Shazam,,Shazam,april 2nd,,,,,
read only today's emails from Theresa Jones.,,Theresa Jones,today,,,,,
read the emails I got from Andrus Tractor on may 15th,,Andrus Tractor,may 15th,,,,,
What emails do I have from Mrs. Jones sent Monday,,Mrs. Jones,Monday,,,,,
find the email received from amazon.com on june 4th,,amazon.com,june 4th,,,,,
search for the Joe Ramirez email that was sent on august 12th,,Joe Ramirez,august 12th,,,,,
find the email from Dr Smith sent september 20th,,Dr Smith,september 20th,,,,,
look for email sent from patiludayram@gmail.com on january 1st,,patiludayram@gmail.com,january 1st,,,,,
emails from Bernie from Tuesday,,Bernie,Tuesday,,,,,
read me ones from beth@randomstranger.com sent on the 11th of may,,beth@randomstranger.com,11th of may,,,,,
read ones from Johnny Ko on Monday,,Johnny Ko,Monday,,,,,
read ones received on june 10th from kelvin prancer,,kelvin prancer,june 10th,,,,,
please find an email sent by martin kruger on feb 5th,,martin kruger,feb 5th,,,,,
can you help me find an email sent from sarah glue from Monday,,sarah glue,Monday,,,,,
Find the one from Bob Low sent yesterday,,Bob Low,yesterday,,,,,
did angela merkel send me anything yesterday,,angela merkel,yesterday,,,,,
search for the one I got yesterday from monia sachs,,monia sachs,yesterday,,,,,
read the one I got today from oprah,,oprah,today,,,,,
get today's message from lucas reynoso,,lucas reynoso,today,,,,,
find the one from david lee kipper today,,david lee kipper,today,,,,,
open the one from my sister today,,sister,today,,,,,
Open all emails by Paul sent yesterday,,Paul,yesterday,,,,,
help me find the e-mail from Malika Singh that she sent on Saturday,,Malika Singh,Saturday,,,,,
find Jhon Kang's email sent to me yesterday,,Jhon Kang,yesterday,,,,,
find jimmy's email that he sent on Tuesday,,jimmy,Tuesday,,,,,
look for momo hsu's email from april,,momo hsu,april,,,,,
did franco james send me any thing last week,,franco james,last week,,,,,
did cathy wright ever email me on Sunday,,cathy wright,Sunday,,,,,
did smith horus ever send me anything last week,,smith horus,last week,,,,,
pull up ones from julius Nahar that I got on Monday,,julius Nahar,Monday,,,,,
show me the ones frank colt sent me on sept 5th,,frank colt,sept 5th,,,,,
Find ones from holt.249 that I got last week,,holt.249,last week,,,,,
show e-mails by Simone Sierra from April 3rd 2015,,Simone Sierra,April 3rd 2015,,,,,
LET ME SEE RADHIKA'S MAIL from Monday,,RADHIKA,Monday,,,,,
Hey read all the mails from Frank Bow sent from march 5th,,Frank Bow,march 5th,,,,,
search for the email from harun kocacaliskan from january 21st,,harun kocacaliskan,january 21st,,,,,
Please open mail from Mark Price on september 4th,,Mark Price,september 4th,,,,,
Open email from Guru sent to me on the 5th of april,,Guru,5th of april,,,,,
read e-mails from Mom that I got on july 2nd,,Mom,july 2nd,,,,,
show me the email from Steve Sajdak he sent on december 2nd,,Steve Sajdak,december 2nd,,,,,
search Amy Schubert's emails to me sent on Thursday,,Amy Schubert,Thursday,,,,,
find emails I received on Tuesday sender chara morelli,,chara morelli,Tuesday,,,,,
search for emails received last week from sender saskia palais,,saskia palais,last week,,,,,
find emails with sender yoyo ma sent on Friday,,yoyo ma,Friday,,,,,
looking for an email with sender melody hobbs and date is Tuesday,,melody hobbs,Tuesday,,,,,
find the email from joyner franklin with the date september 2nd,,joyner franklin,september 2nd,,,,,
open emails from cara roh date march 11th 2016,,cara roh,march 11th 2016,,,,,
read the emails from date may 15th sent by julius kors,,julius kors,may 15th,,,,,
show me messages from the date december 25th 2015 sent by delia poon,,delia poon,december 25th 2015,,,,,
find the thing I got from will.i.am last month,,will.i.am,last month,,,,,
show me the note from virginia chiu last month,,virginia chiu,last month,,,,,
read the note I got from barry white last week,,barry white,last week,,,,,
where is the one that jenn sartory send me last Monday,,jenn sartory,last Monday,,,,,
show tatiana's emails from Monday,,tatiana,Monday,,,,,
read all the e-mails from zarina from september,,zarina,september,,,,,
find ones I received in march from yelp.com,,yelp.com,march,,,,,
show the one from eat24 sent on Friday,,eat24,Friday,,,,,
show messages from tyra banks received on Sunday,,tyra banks,Sunday,,,,,
show me the ones I got from india love in november,,india love,november,,,,,
what was the note from turbo tax that I got last april,,turbo tax,last april,,,,,
open the mail from july sent by zoe roos,,zoe roos,july,,,,,
find emails from angie jardin received in april 4th,,angie jardin,april 4th,,,,,
find lucretia's emails from last september,,lucretia,last september,,,,,
read me colin piper's emails from march 15th,,colin piper,march 15th,,,,,
read me the one that jardina smith sent on Monday,,jardina smith,Monday,,,,,
show me the email that tommy yang sent on february 5th 2014,,tommy yang,february 5th 2014,,,,,
search for an email that sharina bree send on Sunday,,sharina bree,Sunday,,,,,
find e-mails that rosy bainton sent me last week,,rosy bainton,last week,,,,,
open jj cutler's email sent on Monday,,jj cutler,Monday,,,,,
show me rj collins email from Tuesday,,rj collins,Tuesday,,,,,
read me amanda lee-washington's email I got last week,,amanda lee-washington,last week,,,,,
show me nicole lee's email that she sent in october,,nicole lee,october,,,,,
open jupiter jones's email from last Wednesday,,jupiter jones,last Wednesday,,,,,
search for ruben estrada's emails from last week,,ruben estrada,last week,,,,,
search for the email that sallie jenkins sent me on Sunday,,sallie jenkins,Sunday,,,,,
can you find the email that pam jonas sent me on Monday,,pam jonas,Monday,,,,,
where's the email that bill lee-smith send me last week,,bill lee-smith,last week,,,,,
show the email from taya mendez sent to me last month,,taya mendez,last month,,,,,
pull up sean j carter's email from Wednesday,,sean j carter,Wednesday,,,,,
read the emails I received on July 22 2017,,,July 22 2017,,,,,
can you read the emails I got on 2nd of February,,,2nd of February,,,,,
show the emails I received on October 4th,,,October 4th,,,,,
what are the emails I got on November 18th,,,November 18th,,,,,
search through my emails received on Tuesday,,,Tuesday,,,,,
search for the emails I got last month,,,last month,,,,,
show emails I got yesterday,,,yesterday,,,,,
read the emails I got today,,,today,,,,,
could you read through the emails I got last week,,,last week,,,,,
show me the messages I received on march 5th,,,march 5th,,,,,
show my emails received on March 9th,,,March 9th,,,,,
show the ones I got on April 17th 2015,,,April 17th 2015,,,,,
could you find the one I received on May 5th 2000,,,May 5th 2000,,,,,
search my inbox for ones received on July 4th,,,July 4th,,,,,
search my emails I got on May 17th 2001,,,May 17th 2001,,,,,
pull out my emails received on May 13 2015,,,May 13 2015,,,,,
pull up the emails I received on Thursday,,,Thursday,,,,,
can you show me the ones I received on Friday,,,Friday,,,,,
could you show me the ones gotten on Saturday,,,Saturday,,,,,
I'd like to see the ones I've gotten Sunday,,,Sunday,,,,,
can I see the ones I got Monday,,,Monday,,,,,
could you show me my ones dated november 3rd,,,november 3rd,,,,,
aneeda find my emails dated may 4th,,,may 4th,,,,,
can you help find ones I got last Sunday,,,last Sunday,,,,,
open the ones i received on March 5th 2012,,,March 5th 2012,,,,,
read ones I got on Monday,,,Monday,,,,,
read which ones I got on May 18th,,,May 18th,,,,,
read the ones I gotten on Tuesday,,,Tuesday,,,,,
open up the emails I got on last Thursday,,,last Thursday,,,,,
pull up emails I received on may 7th,,,may 7th,,,,,
open the e-mails I got on February 26th,,,February 26th,,,,,
show the mails sent in on this past Sunday,,,this past Sunday,,,,,
open the mail I got on June 4th 2001,,,June 4th 2001,,,,,
open up the email on the date may 11th,,,may 11th,,,,,
search my inbox for emails received 3rd October,,,3rd October,,,,,
fetch emails received last Saturday,,,last Saturday,,,,,
show me e-mails sent on Monday,,,Monday,,,,,
read to me emails dated on October 1st.,,,October 1st,,,,,
show ME ALL EMAILS RECEIVED ON OCTOBER 1 2016,,,OCTOBER 1 2016,,,,,
get emails with the date June 1 2016,,,June 1 2016,,,,,
read me email sent to me on October 3rd,,,October 3rd,,,,,
read all emails I received yesterday,,,yesterday,,,,,
I want to see emails that arrived on Monday,,,Monday,,,,,
Please get me all the emails sent to me on 4th May 2016,,,4th May 2016,,,,,
get me the emails i received on monday,,,monday,,,,,
get the ones I received on September 20th,,,September 20th,,,,,
get ones received on the 1st of February,,,1st of February,,,,,
show all the ones I received yesterday,,,yesterday,,,,,
show the emails I received on September 20th,,,September 20th,,,,,
find e-mails sent last week about the control room meetings,,,last week,control room meetings,,,,
show my emails about stock portfolio received on monday,,,monday,stock portfolio,,,,
read the emails from last Tuesday about hackathon planning,,,last Tuesday,hackathon planning,,,,
look for the email I got this week about the nintendo switch,,,this week,nintendo switch,,,,
find email about tom's birthday I got last Tuesday,,,last Tuesday,tom's birthday,,,,
look for the message I got about coding classes last week from monica garcia,,monica garcia,last week,coding classes,,,,
find emails received from ursula wong last month about the wedding in scotland,,ursula wong,last month,wedding in scotland,,,,
show me all the emails I got from sayoko brown this month about 3d printers,,sayoko brown,this month,3d printers,,,,
can you please show me emails I received last month about insurance,,,last month,insurance,,,,
can you find all the emails that mention univeral studios last month,,,last month, univeral studios,,,,
please fetch the emails regarding car repairs from the month of june,,,june,car repairs,,,,
what was the one I got last week about girl who code,,,last week,girl who code,,,,
what was the one I received last week about little bridge,,,last week,little bridge,,,,
read the e-mail I got last week about HR meeting,,,last week,HR meeting,,,,
show me the one that I got yesterday about FLL teams,,,yesterday,FLL teams,,,,
find the email that I gotten last week about the getty house event,,,last week,getty house event,,,,
show me that e-mail I got yesterday mentioning coachella,,,yesterday,coachella,,,,
find ones I got Monday that mention product meetings,,,Monday,product meetings,,,,
search for emails I received Sunday about deployment in india,,,Sunday,deployment in india,,,,
show me emails about Wednesday's Meeting,,,,Wednesday's Meeting,,,,
search for emails related to charity funding,,,,charity funding,,,,
Find all emails about tutor training,,,,tutor training,,,,
Find my emails about receipts,,,,receipts,,,,
read emails about groceries,,,,groceries,,,,
search my emails about an interview,,,,interview,,,,
can you search my emails about vegetables,,,,vegetables,,,,
search for emails that mention the word meeting,,,,meeting,,,,
find all emails mentioning project timelines,,,,project timelines,,,,
can you search my emails for  knowledge transfer session,,,,knowledge transfer session,,,,
find my emails that mention pepsi photos,,,,pepsi photos,,,,
read me emails that talk about the email campaign.,,,,email campaign,,,,
get all emails concerning the Phoenix Film Festival,,,,Phoenix Film Festival,,,,
read emails with the word important in it,,,,important,,,,
read emails with the word meeting in it,,,,meeting,,,,
look for emails with the word doctor in it,,,,doctor,,,,
search emails with the word paris in it,,,,paris,,,,
open my emails with the word travel plans in it,,,,travel plans,,,,
read emails with the words flight details in it,,,,flight details,,,,
find my emails talking of Wednesday's Meeting,,,,Wednesday's Meeting,,,,
read all emails related to charity funding,,,,charity funding,,,,
Find all emails that have mentioned tutor training,,,,tutor training,,,,
Find all emails about receipts.,,,,receipts,,,,
can you search through my emails for express shipping,,,,express shipping,,,,
find the email that mentions long beach,,,,long beach,,,,
show my emails with details on the LA Marathon,,,,LA Marathon,,,,
dig through my emails for the one about reimbursements,,,,reimbursements,,,,
show me all the emails about STEAM expenses,,,,STEAM expenses,,,,
find my emails about tax season,,,,tax season,,,,
can you search my inbox for emails mentioning the alumni ball,,,,alumni ball,,,,
find emails regarding the mit alumni event,,,,mit alumni event,,,,
search my inbox for emails talking about burning man tickets,,,,burning man tickets,,,,
find the email that mentions camping trip,,,,camping trip,,,,
find emails that mentioned first robotics,,,,first robotics,,,,
email search for girl scout cookies,,,,girl scout cookies,,,,
search through my emails for ones concerning gracenote contract,,,,gracenote contract,,,,
show my emails that contain las vegas planning,,,,las vegas planning,,,,
what are my emails that talked about trans4m planning,,,,trans4m planning,,,,
search thru emails that have save the date in them,,,,save the date,,,,
find my email containing the voter registration deadline,,,,voter registration deadline,,,,
find the one that has the native american teams,,,,native american teams,,,,
find ones that has st louis in them,,,,st louis,,,,
can you find the one with my london itinerary in it,,,,london itinerary,,,,
can you find the one about JPL visit,,,,JPL visit,,,,
find the ones about pomona interns,,,,pomona interns,,,,
email search for dentist appointment,,,,dentist appointment,,,,
pull up all my emails with the perkins demo,,,,perkins demo,,,,
show me emails that say south by southwest,,,,south by southwest,,,,
find the ones about bus transportation,,,,bus transportation,,,,
find ones with the word invoice,,,,invoice,,,,
search through emails for ones about prague trip,,,,prague trip,,,,
find e-mails with the word music video in it,,,,music video,,,,
can you find ones mentioning india love,,,,india love,,,,
can you search ones containing the word urgent,,,,urgent,,,,
can you search my emails for bahama trip,,,,bahama trip,,,,
look for the message about my air bnb rental,,,,air bnb rental,,,,
find the one about uhaul cost,,,,uhaul cost,,,,
look up the ones about booking the makeup artist,,,,booking the makeup artist,,,,
find ones that mention catering for hack for LA,,,,catering for hack for LA,,,,
find ones about the Hack for LA meetup,,,,Hack for LA meetup,,,,
look up ones containing general assembly,,,,general assembly,,,,
find the ones that mention house of cards,,,,house of cards,,,,
search for messages mentioning obama,,,,obama,,,,
look in my inbox for mentions of dinner plans,,,,dinner plans,,,,
look up ones regarding bruno mars tickets,,,,bruno mars tickets,,,,
find the one with the sephora confirmation,,,,sephora confirmation,,,,
can you pull up the one with tracking number,,,,tracking number,,,,
show me latest ones about working from home,,,,working from home,,,,latest
search my inbox for ones about comeback kid,,,,comeback kid,,,,
search through my emails for black mirror,,,,black mirror,,,,
look for messages about meetings in denver,,,,meetings in denver,,,,
search ones for the keyword product review,,,,product review,,,,
show me all ones that mention ATT timelines,,,,ATT timelines,,,,
find ones about demo updates,,,,demo updates,,,,
find the message that mentioned nlu server,,,,nlu server,,,,
get me notes about the eliza project launch,,,,eliza project launch,,,,
search e-mail for keywords training data,,,,training data,,,,
email search timezone request,,,,timezone request,,,,
can you find notes about financial statement,,,,financial statement,,,,
pull up messages related to project timelines,,,,project timelines,,,,
pull up ones related to birthday party favors,,,,birthday party favors,,,,
can you find the ones about the surprise dinner for marnie,,,,surprise dinner for marnie,,,,
search for messages that mentions coupons discount,,,,coupons discount,,,,
read emails regarding halloween party details,,,,halloween party details,,,,
search for e-mails regarding deadlines for july,,,,deadlines for july,,,,
what emails mention Notting Hill movie screening,,,,Notting Hill movie screening,,,,
read the emails that have the word party,,,,party,,,,
read emails containing the phrase Elections in india,,,,Elections in india,,,,
search emails for mentions of Singapore expat event,,,,Singapore expat event,,,,
search my inbox for emails about football jerseys for sale,,,,football jerseys for sale,,,,
search my emails for mentions of meetings on tuesdays,,,,meetings on tuesdays,,,,
read emails that have nlu updates in them,,,,nlu updates,,,,
get me the emails about QA status,,,,QA status,,,,
find all emails that contain w9 form 2017,,,,w9 form 2017,,,,
search emails for turbo tax california refund,,,,turbo tax california refund,,,,
lookup emails about burning man tickets,,,,burning man tickets,,,,
find my emails about st louis championships,,,,st louis championships,,,,
show me latest e-mails with subject Summer vacation plans,,,,,Summer vacation plans,,,latest
show me latest emails with the subject ERP,,,,,ERP,,,latest
show me the latest emails with the subject dinner w mom,,,,,dinner w mom,,,latest
find me latest emails with only subject line working from home,,,,,working from home,,,latest
show recent emails with subject weekend plans,,,,,weekend plans,,,recent
search latest emails with the subject of Sports data,,,,,Sports data,,,latest
find latest emails with subject I love you,,,,,I love you,,,latest
read me e-mails with subject barbeque bootyshake,,,,,barbeque bootyshake,,,
read me all emails with fitness in the subject line,,,,,fitness,,,
Display emails with subject of SEO,,,,,SEO,,,
read me all emails with the subject line Delayed payment,,,,,Delayed payment,,,
find email with the words jaw surgery in the subject,,,,,jaw surgery,,,
look for emails with subject line Info,,,,,Info,,,
find emails where the subject is Interview,,,,,Interview,,,
can you search for emails subject Garden Party,,,,,Garden Party,,,
look up emails that has the subject yearly review,,,,,yearly review,,,
read me emails titled Benghazi,,,,,Benghazi,,,
search emails with subject merger,,,,,merger,,,
find emails with subject Jokes on you,,,,,Jokes on you,,,
search for emails that have the subject Q1 Appraisal,,,,,Q1 Appraisal,,,
find the email with dinner as the subject,,,,,dinner,,,
read me the mail having subject meeting date fixed,,,,,meeting date fixed,,,
read me emails with subject line amazon order,,,,,amazon order,,,
read me my emails with the subject line kids,,,,,kids,,,
Fetch all emails with subject line part time work,,,,,part time work,,,
read me all emails with the subject line office party,,,,,office party,,,
Find emails with the subject meeting today,,,,,meeting today,,,
search for the email that has Timetable in the subject line,,,,,Timetable,,,
look for the email that has subject line FREELANCE PROJECT 13,,,,,FREELANCE PROJECT 13,,,
find the email that says subject Project kick off meeting.,,,,,Project kick off meeting,,,
read me emails where the subject is payment,,,,,payment,,,
open emails that have subject important.,,,,,important,,,
read me emails with subject Invoice,,,,,Invoice,,,
read e-mails containing the subject for immediate release,,,,,for immediate release,,,
read my emails with the subject purple pillow.,,,,,purple pillow,,,
find emails with work in the subject and read them,,,,,work,,,
read me e-mails with subject Summer vacation plans,,,,,Summer vacation plans,,,
search for mails with red in the subject,,,,,red,,,
can you find the email with hello in the title,,,,,hello,,,
find the email with title dinner tonight,,,,,dinner tonight,,,
read me emails with only subject line work,,,,,work,,,
read ME ALL EMAILS WITH SUBJECT ROSES.,,,,,ROSES,,,
search for an email with the subject blue danube,,,,,blue danube,,,
find the email that had the subject line weekend in arizona,,,,,weekend in arizona,,,
look for an email that had subject sports,,,,,sports,,,
read me all emails with fitness world in the subject line,,,,,fitness world,,,
find an email with harry potter in the subject line,,,,,harry potter,,,
can you search my emails with ones that contain the subject eat24,,,,,eat24,,,
find ones with uber in the subject line,,,,,uber,,,
find the ones with beijing commons in the title,,,,,beijing commons,,,
search ones with aneeda as the subject,,,,,aneeda,,,
get ones with buttons customer support in the title,,,,,buttons customer support,,,
show the one with santa barbara in the subject line,,,,,santa barbara,,,
find all emails that contain internship in the subject,,,,,internship,,,
show all my emails with subject containing urgent,,,,,urgent,,,
find the one that had the subject container ship,,,,,container ship,,,
do I have any emails with the subject line vendor info,,,,,vendor info,,,
where's the one that had planet of the apps in the subject,,,,,planet of the apps,,,
look up ones that had movie screening in the title,,,,,movie screening,,,
find me the one that contained out of office in the subject,,,,,out of office,,,
show me emails that contain london launch in the title,,,,,london launch,,,
show emails received in may with the subject away on leave,,,may,,away on leave,,,
search for emails with the subject jet info sent Tuesday,,,Tuesday,,jet info,,,
find e-mails I got last month with subject wine tasting,,,last month,,wine tasting,,,
find email subject los angeles sent on Friday,,,Friday,,los angeles,,,
find one with subject paris fashion week received may 11th,,,may 11th,,paris fashion week,,,
look for an email I got on Tuesday with coachella tickets as the subject,,,Tuesday,,coachella tickets,,,
search emails subject investor meeting received Monday,,,Monday,,investor meeting,,,
find emails with subject dogs in the office received on Sunday,,,Sunday,,dogs in the office,,,
look for emails received Tuesday subject line documentary footage,,,Tuesday,,documentary footage,,,
search for an email with subject line new york plans sent on Saturday,,,Saturday,,new york plans,,,
pull up emails regarding nlu updates sent by yonatan yu,,yonatan yu,,,nlu updates,,,
find the email that tom brady sent me about football tickets,,tom brady,,football tickets,,,,
did dad send me any emails about game of thrones,,dad,,game of thrones,,,,
did johnny mane sent me anything about working from home,,johnny mane,,working from home,,,,
did professor patrick email me about overtime pay,,professor patrick,,overtime pay,,,,
did polo email me about the davos plan,,polo,,davos plan,,,,
has grace o'malley emails me about the design for the website,,grace o'malley,,design for the website,,,,
show me the email kara sent about the gems,,kara,,gems,,,,
show the email that kendall jenner wrote about paris launch,,kendall jenner,,paris launch,,,,
show emails sent by ted kennedy to me about driving in kansas,,ted kennedy,,driving in kansas,,,,
did kendall email me about chokers,,kendall,,chokers,,,,
did kurt daradics send me any emails about sponsorship,,kurt daradics,,sponsorship,,,,
lookup emails sent by phil carter about filming in las vegas,,phil carter,,filming in las vegas,,,,
search my inbox for location scouting sent by melina,,melina,,location scouting,,,,
look for emails by soo young shin about art seating arrangement,,soo young shin,,art seating arrangement,,,,
did drew ever send me emails about the patriots,,drew,,patriots,,,,
pull up emails about the superbowl sent from susan st james,,susan st james,,superbowl,,,,
search emails for tax documents sent by virginia,,virginia,,tax documents,,,,
read the email from ricky lee fan about the new yorker article,,ricky lee fan,,new yorker article,,,,
show me emails that jay lee sent with subject line status report,,jay lee,,,status report,,,
read the email with subject vimeo link sent by shadae lamar smith,,shadae lamar smith,,,vimeo link,,,
find the email that dylan lee sent subject hello stranger,,dylan lee,,,hello stranger,,,
pull up the email with subject las vegas planning sent by moira,,moira,,,las vegas planning,,,
find emails sent by israel hernandez containing subject invoice,,israel hernandez,,,invoice,,,
search emails for sender monica garcia subject get out the vote,,monica garcia,,,get out the vote,,,
find the email that jj lee sent subject audio demo,,jj lee,,,audio demo,,,
can you read the e-mail by marky with subject game of thrones party,,marky,,,game of thrones party,,,
please find the email with subject yolo sent by james cardiff,,james cardiff,,,yolo,,,
find email subject happy hour sent by roxy lee,,roxy lee,,,happy hour,,,
please search for emails by chin kuo kang subject macy's,,chin kuo kang,,,macy's,,,
find messages with subject bounce music sent by phil kostner,,phil kostner,,,bounce music,,,
find mails with the subject ace hardware sponsorship sent by uma bolla,,uma bolla,,,ace hardware sponsorship,,,
read the emails with the subject hackathon planning send by marieme jean,,marieme jean,,,hackathon planning,,,
search for the email sent by melanie po with subject line email configuration,,melanie po,,,email configuration,,,
help me find emails with subject birthday party sent by my dad,,my dad,,,birthday party,,,
look for emails with the subject marvel comics sent by tim wade,,tim wade,,,marvel comics,,,
find my emails for ones with subject the voice uk sent by polo molina,,polo molina,,,the voice uk,,,
open my emails with subject urgent sent by jilly,,jilly,,,urgent,,,
could you find the email sent by wai ching subject final exam,,wai ching,,,final exam,,,
find an email subject qualcomm donation sender greg bybee,,greg bybee,,,qualcomm donation,,,
find email subject is tommy's birthday sender is mom,,mom,,,tommy's birthday,,,
search emails for subject insurance sent by my doctor,,my doctor,,,insurance,,,
read me emails from Mike about work from yesterday,,Mike,yesterday,work,,,,
read me the email from Chris Wentz on april 1st about the meeting tomorrow.,,Chris Wentz,april 1st,meeting tomorrow,,,,
find email sent by conrad jones on Wednesday with the subject line ERP,,conrad jones,Wednesday,,ERP,,,
read emails from Karen Walker Jones about the workshop sent on January 30,,Karen Walker Jones,January 30,the workshop,,,,
did I get any emails from john alan smith today about universal studios,,john alan smith,today,universal studios,,,,
I would like to see the email sent this morning from Bob Kohl about the meeting with dell,,Bob Kohl,this morning,meeting with dell,,,,
show emails from trevor jones sent today subject on leave,,trevor jones,today,,on leave,,,
show email from trevor h jones sent today subject on leave,,trevor h jones,today,,on leave,,,
I want to see Jimmy's email messages about movie tickets from September 5,,Jimmy,September 5,movie tickets,,,,
read me Amanda Bear's email on May 24 about saturday's party,,Amanda Bear,May 24,saturday's party,,,,
read today's email from john denver about interview for job,,john denver,today,interview for job,,,,
didn't martin keen send me an email yesterday about the TPS reports,,martin keen,yesterday,TPS reports,,,,
Pull up emails from my boss about project 2 from yesterday,,boss,yesterday,project 2,,,,
find emails from yolanda ross sent on Monday with subject salary requirements,,yolanda ross,Monday,,salary requirements,,,
read the email that mark price sent on January 5 about the tax breaks,,mark price,January 5,tax breaks,,,,
what email did mom send me in august about the rental van fees,,mom,august,rental van fees,,,,
read me e-mails from Dad sent on Sunday with subject Summer Vacation Plans,,Dad,Sunday,,Summer Vacation Plans,,,
show emails from phil carter about the music video shoot that he sent in january,,phil carter,january,music video shoot,,,,
find all emails about the election sent by obama in november,,obama,november,election,,,,
read emails sent last week from tyrone hawkins about the LEGO kits,,tyrone hawkins,last week,LEGO kits,,,,
read me emails from Jeff hu with the subject dinner received on Friday,,Jeff hu,Friday,,dinner,,,
find emails sent by michael kurinsky last week about compton robotics,,michael kurinsky,last week,compton robotics,,,,
search for an email from eugene smith on october 1 subject roses,,eugene smith,october 1,,roses,,,
find emails with subject trans4m planning sent by tatiana last week,,tatiana,last week,,trans4m planning,,,
look up emails from Monday from ken walker with subject urgent,,ken walker,Monday,,urgent,,,
read the email that deepika sent last week about the nlu changes,,deepika,last week,nlu changes,,,,
find the message from John Connor on sunday related to increase in sales.,,John Connor,sunday,increase in sales,,,,
read the Monday e-mail from harry yin subject line purchases,,harry yin,Monday,,purchases,,,
pull up the email from yossi from last week about the wrapper changes,,yossi,last week,wrapper changes,,,,
please show me the email from duncan burns about UX design sent on Friday evening,,duncan burns,Friday evening,UX design,,,,
find email from Sarah about the product launch email campaign sent last week,,Sarah,last week,product launch email campaign,,,,
search my emails for the one from joanna gomez about the district elections that she sent last Sunday,,joanna gomez,last Sunday,district elections,,,,
find emails containing the subject salary negotiation sent on Tuesday from Amanda baker,,Amanda baker,Tuesday,,salary negotiation,,,
find all emails with subject line thank you sent by JJ last month,,JJ,last month,,thank you,,,
pull up the message from keyinde about the summer barbeque that she sent on july 4,,keyinde,july 4,summer barbeque,,,,
read me emails received on Monday from warren wu with subject dinner club,,warren wu,Monday,,dinner club,,,
find the email from expedia about the houston trip from last week,,expedia,last week,houston trip,,,,
pull up the email from zarina guerrero about plane tickets from april,,zarina guerrero,april,plane tickets,,,,
can you find emails with subject quality review board from last month sent by brian king,,brian king,last month,,quality review board,,,
look through emails for subject line all hands meeting sent Friday from David Gray,,David Gray,Friday,,all hands meeting,,,
open emails from regina king on the subject hbo deal received last week,,regina king,last week,,hbo deal,,,
open emails from Monday that mention sprint planning from Kyle Douglas,,Kyle Douglas,Monday,sprint planning,,,,
Find emails sent by dylan mentioning burning man from Saturday,,dylan,Saturday,burning man,,,,
open emails from jackie perez mentioning the trade show from December 5,,jackie perez,December 5,trade show,,,,
find the sprint planning email from duncan sent last week,,duncan,last week,sprint planning,,,,
look for Yossi's email about wrapper issues that he sent on Sunday,,Yossi,Sunday,wrapper issues,,,,
did mary send me an email yesterday about hotel bookings,,mary,yesterday,hotel bookings,,,,
did tammy send me an email today about travel to new hampshire,,tammy,today,travel to new hampshire,,,,
read yesterday's email from jon hertz about carnivale,,jon hertz,yesterday,carnivale,,,,
read the email I got this week from anna woo regarding time share in bahamas,,anna woo,this week,time share in bahamas,,,,
read the email about maternity leave from pooja sent last week,,pooja,last week,maternity leave,,,,
can you read the emails from will adams mentioning music issues sent last month,,will adams,last month,music issues,,,,
pull up my emails from caroline about the team registration system from Monday,,caroline,Monday,team registration system,,,,
find emails from experient that I received last week about hotels,,experient,last week,hotels,,,,
find emails from e-trade received last week mentioning margin call,,e-trade,last week,margin call,,,,
find lillian shu's email about fashion show from last month,,lillian shu,last month,fashion show,,,,
search for jan levy's email about the deposition from Tuesday,,jan levy,Tuesday,deposition,,,,
find emails from betty levine regarding expenses sent last month,,betty levine,last month,expenses,,,,
pull up the email that polo sent me about the china concert from last Wednesday,,polo,last Wednesday,china concert,,,,
show me emails that mention the LA marathon sent from coach douglas last week,,coach douglas,last week,LA marathon,,,,
search emails from johnny byers-smith about the voice auditions from last month,,johnny byers-smith,last month,voice auditions,,,,
read hannah bryant's email about babysitting from yesterday,,hannah bryant,yesterday,babysitting,,,,
find grover lee's email yesterday with the subject getty museum,,grover lee,yesterday,,getty museum,,,
find the email from the broad museum with subject tickets sent last month,,broad museum,last month,,tickets,,,
show me the email from alyssa markus that mentions the chicago conference I got in december,,alyssa markus,december,chicago conference,,,,
read only my new ones,,,,,,,,new
read my new emails,,,,,,,,new
read the new ones,,,,,,,,new
read the new emails,,,,,,,,new
show me my newest emails,,,,,,,,newest
read out my new emails,,,,,,,,new
go over my new emails,,,,,,,,new
can you read my new emails,,,,,,,,new
open my new emails,,,,,,,,new
start reading my recent emails,,,,,,,,recent
let's read the most recent one,,,,,,,,recent
tell me the most recent emails,,,,,,,,recent
tell me the new ones,,,,,,,,new
can you read the new ones,,,,,,,,new
could you read the latest emails,,,,,,,,latest
read me the latest ones,,,,,,,,latest
read back my latest emails,,,,,,,,latest
can you read my new emails,,,,,,,,new
could you read the new ones only,,,,,,,,new
read my latest emails,,,,,,,,latest
go over my latest emails,,,,,,,,latest
show me my latest emails,,,,,,,,latest
let's hear the latest emails,,,,,,,,latest
read all my new emails,,,,,,,,new
open my latest emails,,,,,,,,latest
read my unread emails,,,,,,,unread,
open my unread emails,,,,,,,unread,
what are my missed emails,,,,,,,missed,
do I have unread mails,,,,,,,unread,
do I have any unread emails,,,,,,,unread,
I want to hear my unread emails,,,,,,,unread,
pull up my unread emails,,,,,,,unread,
what emails have I missed,,,,,,,missed,
what emails did I miss,,,,,,,miss,
what emails are unread,,,,,,,unread,
show unread emails,,,,,,,unread,
show my unopened emails,,,,,,,unopened,
what are my missed emails,,,,,,,missed,
show my missed emails,,,,,,,missed,
pull up my unread emails,,,,,,,unread,
show me my unread emails,,,,,,,unread,
what emails did I miss,,,,,,,miss,
read only my important ones,,,,,,important,,
read my important emails,,,,,,important,,
read the important ones,,,,,,important,,
read the important emails,,,,,,important,,
show me the important ones,,,,,,important,,
show my important emails,,,,,,important,,
go over my urgent emails,,,,,,urgent,,
can you read my urgent emails,,,,,,urgent,,
which emails are urgent,,,,,,urgent,,
which emails are the most urgent,,,,,,urgent,,
which ones are urgent,,,,,,urgent,,
tell me the urgent emails,,,,,,urgent,,
tell me the urgent ones,,,,,,urgent,,
can you read the urgent ones,,,,,,urgent,,
could you read the critical emails,,,,,,critical,,
read me the critical ones,,,,,,critical,,
can you read only the critical ones,,,,,,critical,,
just tell me the critical ones,,,,,,critical,,
what are the critical ones about,,,,,,critical,,
what are the critical emails about,,,,,,critical,,
what's the critical emails,,,,,,critical,,
show me the critical emails,,,,,,critical,,
read the critical ones,,,,,,critical,,
pull up the critical emails,,,,,,critical,,
read all my critical mails,,,,,,critical,,
read my urgent mails,,,,,,urgent,,
read my urgent mails,,,,,,urgent,,
read my emails,,,,,,,,
read all my emails,,,,,,,,
read emails,,,,,,,,
read out my emails,,,,,,,,
show all my emails,,,,,,,,
read me my emails,,,,,,,,
read all emails,,,,,,,,
open my inbox,,,,,,,,
open my email inbox,,,,,,,,
what's in my email inbox,,,,,,,,
read out all my emails,,,,,,,,
please read all my emails,,,,,,,,
start reading my emails,,,,,,,,
start reading my inbox,,,,,,,,
get all my emails,,,,,,,,
read all my emails,,,,,,,,
find all my emails,,,,,,,,
tell me my emails,,,,,,,,
get my emails,,,,,,,,
read my mails,,,,,,,,
read my email,,,,,,,,
read all the emails,,,,,,,,
can you read all the emails,,,,,,,,
read all the emails,,,,,,,,
read every email,,,,,,,,
read out every email,,,,,,,,
show emails about knowledge transfer session,,,,knowledge transfer session,,,,
show emails about data transfer session from yesterday by hannah bryant,,hannah bryant,yesterday,data transfer session,,,,
Show me unread emails,,,,,,,unread,
Show me emails on last monday,,,last monday,,,,,
show emails with subject test,,,,,test,,,
what are my new emails,,,,,,,new emails,
Read my email,,,,,,,,
Do I have any emails about the camping trip,,,,camping trip,,,,
find emails about IOS,,,,IOS,,,,
Show me emails on December 25th,,,December 25th,,,,,
Show me emails on 25 December,,,25 December,,,,,
Show me emails on January 2017,,,January 2017,,,,,
Show me emails on last 5 hours,,,last 5 hours,,,,,
do i have any new emails,,,,,,,,new
do i have any emails,,,,,,,,
show my emails,,,,,,,,
show my inbox,,,,,,,,
show me my inbox,,,,,,,,
show me my emails,,,,,,,,
check my emails,,,,,,,,
Read my new mails,,,,,,,,new
Do I have any emails about the camping trip?,,,,the camping trip,,,,
Do I have any new email?,,,,,,,,new
