MusicAlbumsResponse,MusicAlbumsArtist,MusicAlbumsGenre,MusicAlbumsEra
a tribe called quest albums,a tribe called quest,,
aaliyah albums,aaliyah,,
albums please,,,
browse christina aguilera albums,christina aguilera,,
browse some latin albums ,,latin ,
browse soundgarden's albums,soundgarden,,
browse through classical music albums ,,classical ,
browse through some rap albums,,rap,
browse top rap albums ,,rap,
can I search for albums,,,
can I see 2 chainz albums,2 chainz,,
can I see albums by 50 cent,50 cent,,
can I see albums by aerosmith,aerosmith,,
can I see albums by an artist,,,
Can I see albums by badly drawn boy,badly drawn boy,,
can I see albums by drake,drake,,
can I see albums by john mayer,john mayer,,
can I see albums by MC Hammer,mc hammer,,
can I see albums by one direction,one direction,,
can I see charlie xcx's albums,charlie xcx,,
can I see coldplay albums,coldplay,,
can I see drake albums,drake,,
can I see lady gaga albums,lady gaga,,
can I see mos def albums,mos def,,
can I see some blues albums,,blues,
can I see some celine dion albums,celine dion,,
can I see some dance albums,,dance ,
can I see some dashboard confessional albums,dashboard confessional,,
can I see some Eminem albums,eminem,,
can I see some hip hop albums,,hip hop,
can I see some lmfao albums,lmfao,,
can I see some pop albums,,pop,
can I see some rap albums,,rap ,
can I see some Sarah Vaughn albums,sarah Vaughn,,
can I see some snoop dogg albums,snoop dogg,,
can I see the albums of common,common,,
Can i see the albums of Gucci Mane,gucci mane,,
Can i see the albums of jay-z,jay-z,,
can I see the albums of the isley brothers,the isley brothers,,
can I see the albums of the the ,the the,,
Can I see travi$ scott albums,travi$ scott,,
can I see what albums you have,,,
can I see xxx albums,xxx,,
can you find albums,,,
can you find all of incubus albums,incubus,,
can you find all of kylie minogue's albums,kylie minogue,,
can you find all of new edition's albums,new edition,,
can you find all of the ramones albums,ramones,,
can you find all of zero 7's albums,zero 7,,
can you find out what albums nicki minaj has,nicki minaj,,
can you look for an album by an artist,,,
can you pull up their other albums,their,,
can you search for albums,,,
can you search for an album,,,
can you show me albums,,,
can you show me all albums by 600 breezy,600 breezy,,
can you show me all albums by big sean,big sean,,
can you show me all albums by miranda lambert,miranda lambert,,
can you show me all albums by notorious BIG,notorious BIG,,
can you show me all albums by sizzla,sizzla,,
can you show me some nice blues albums,,blues,
can you show me some nice dance albums,,dance ,
can you show me some nice dancehall albums,,dancehall,
can you show me some nice hip hop albums,,hip hop,
can you show me some nice jazz albums,,jazz,
can you show me the albums,,,
can you tell me what are Beyonce's albums,beyonce,,
can you tell me what are Brandy's albums,brandy,,
can you tell me what are Solange's albums,Solange,,
can you tell me what are SZA's albums,SZA,,
can you tell me what are usher's albums,usher,,
can you tell me what are will.i.am's albums,will.i.am ,,
can you tell me what other albums they had,they,,
could you show me her other albums,her,,
could you tell me what other albums she has,she,,
did 21 savage release any albums ,21 savage,,
did french montana release any albums,french montana,,
did he have other albums,he,,
did lil yatchy release any albums,lil yatchy,,
did nine inch nails release any albums,nine inch nails,,
did Oh Wonder release any albums,Oh Wonder,,
did rob thomas have any albums,rob thomas ,,
did she make other albums,she,,
did they do other albums,they,,
did they ever release any albums,they,,
did they have any other albums,they,,
did they have their own albums,they,,
did they record other albums,they,,
did they release any albums,they,,
do a search for albums,,,
do an album look up ,,,
do an album search ,,,
do an album search ,,,
do they have other albums,they,,
do you do albums,,,
do you have albums,,,
do you have any albums,,,
do you have any children's albums ,,children's ,
do you have any chinese music albums,,chinese,
do you have any k pop albums,,k pop ,
do you know what other albums he has,he,,
do you know what were the top albums of 2002,,,2002
do you remember what were the best albums of 2010,,,2010
does he have any other albums,he,,
does he have other albums,he,,
does she have other albums,she,,
fetch albums,,,
find 70s soul albums,,soul,70s
find 80s pop albums,,pop,80s
find 80s rap albums,,rap,80s
find 90s R&B albums,,R&B,90s
find 90s R&B albums,,R&B,90s
find 90s rap albums ,,rap,90s
find a good dance album to listen to,,dance ,
find a good hip hop albums to listen to,,hip hop,
find a good pop album to listen to,,pop,
find a good rock album to listen to ,,rock,
find a good soul album to listen to,,soul,
find al albums by usher,usher,,
find albums,,,
find albums,,,
find albums ,,,
find albums by,,,
find albums by death cab for cutie,death cab for cutie,,
find albums by donna summers,donna summers,,
find albums by eazy-e,eazy-e,,
find albums by Ginuwine,ginuwine,,
find albums by leonard cohen,leonard cohen,,
find albums by lil kim,lil kim,,
find albums by lionel richie,lionel richie ,,
find albums by the decemberists,the decemberists,,
find albums by this artist,this artist,,
find albums by Total,total,,
find albums by weezer,weezer,,
find albums done by alicia keys,alicia keys ,,
find all albums by blink 182,blink 182,,
find all albums by green day,green day ,,
find all albums by him,him,,
find all albums by monica,monica,,
find all albums by new found glory,new found glory,,
find all gwen stefani's albums ,gwen stefani,,
find all his albums,his,,
find all of her albums,her,,
find all of his work ,his,,
find all the albums that aaliyah did,aaliyah,,
find all the albums that backstreet boys did,backstreet boys ,,
find all the albums that Ja Rule did,ja rule,,
find all the albums that missy elliot did,missy elliot,,
find all the albums that Nsync did,nsync,,
find all their albums,their,,
find an album ,,,
find an album for me,,,
find an albums by,,,
find christian music albums ,,christian,
find dance albums,,dance ,
find latin albums,,latin,
find me a kanye west albums to listen to,kanye west,,
find me a kendrick lamar album to listen to,kendrick lamar,,
find me a lil wayne album to listen to,lil wayne,,
find me a Prince album to listen to,prince,,
find me a ramones album to listen to,ramones,,
find me a SZA album to listen to,SZA,,
find me all of 6lack's albums,6lack,,
find me all of miles davis albums,miles davis,,
find me all of rob zombie's albums,rob zombie,,
find me all of staind's albums,staind,,
find me all of system of a down's albums,system of a down,,
find me all of the black eyed peas albums,black eyed peas ,,
find me g-eazy albums to listen to ,g-eazy,,
find me some country albums ,,country ,
find me some good christian albums,,christian,
find me some good dance albums,,dance ,
find me some good pop albums,,pop,
find me some good rap albums ,,rap,
find other albums by him,him,,
find other albums by them,them,,
find other albums from her,her,,
find out what were 311 albums,311,,
find out what were beyonce's albums,beyonce,,
find out what were the weeknd's albums ,the weeknd,,
find out what were will.i.am's albums,will.i.am ,,
find pop albums,,pop,
find some good country albums,,country ,
find some good dancehall albums,,dancehall,
find some good pop albums,,pop,
find some good r&B albums,,r&B,
find some good rap albums,,rap,
find some top dance albums for me,,dance,
find some top jazz albums for me ,,jazz,
find some top latin albums for me,,latin,
find some top rap albums for me,,rap ,
find soul albums,,soul,
find the albums,,,
find the best 60s country albums,,country ,60s
find the best 60s soul albums,,soul,60s
find the best 70s disco albums,,,
find the best 80s rap albums,,rap ,80s
find the best 80s rock albums,,rock ,80s
find the best 90s rap albums,,rap ,90s
find the best rap albums from the 2000s,,rap,2000s
find the top albums of 1965,,,1965
find the top albums of 1997,,,1997
find the top albums of 1999,,,1999
find the top albums of 2013,,,2013
find the top albums of 2014,,,2014
find their albums ,their,,
find their other albums,their,,
find top 8 eight albums,8 eight,,
find top green day albums,green day,,
find top mary j blige albums,mary j blige ,,
find top nine inch nails albums,nine inch nails,,
find top tupac albums,tupac,,
find top weezer albums,weezer,,
get a list of albums,,,
get a$asp rocky albums,a$asp rocky,,
get albums,,,
get albums,,,
get albums by air,air,,
get albums by joe jonas,joe jonas,,
get albums by kc and jojo,kc and jojo,,
get albums by selena,selena,,
get artist albums,,,
get artist discography,,,
get artist records,artist,,
get big tymers albums,big tymers,,
get diana ross albums,diana ross,,
get elvis presley albums,elvis presley ,,
get me a list of country albums,,country ,
get me a list of dance albums,,dance,
get me a list of funk albums ,,funk,
get me a list of pop albums,,pop,
get me album,,,
get me albums,,,
get me albums ,,,
get me albums by fergie,fergie,,
get me albums by george clinton,george clinton,,
get me albums by the cranberries,the cranberries,,
get me albums by total,total,,
get me albums by usher,usher,,
get me all 88-keys albums,88-keys,,
get me all celine dion albums,celine dion,,
get me all mya albums,mya,,
get me all the albums,,,
get me all the jesus and mary chain albums,the jesus and mary chain,,
get me all the will.i.am albums,will.i.am ,,
get me an album,,,
get me an album please,,,
get me his albums,his,,
get me some albums,,,
get me some albums by the artist,the artist,,
get me some country albums,,country ,
get me some edm albums,,edm,
get me some electronic albums,,electronic,
get me some funk albums,,funk,
get me the albums,,,
get me the top albums from 1999,,,1999
get me the top albums from 2003,,,2003
get me the top albums of 2008,,,2008
get music releases,,,
get sean paul albums,sean paul,,
get the artist releases,the artist,,
get the artist's albums,the artist,,
give me 5 seconds of summer albums,5 seconds of summer,,
help me find 2ne1 albums,2ne1,,
help me find albums,,,
help me find craig david albums,craig david,,
help me find ginuwine albums,ginuwine,,
help me find kehlani albums,kehlani,,
help me find NWA albums,NWA,,
help me look up albums,,,
how do I find albums,,,
how many aim albums are there,aim,,
how many albums did a tribe called quest make,a tribe called quest,,
how many albums did aaliyah make,aaliyah,,
how many albums did fleetwood mac record,fleetwood mac,,
how many albums did florence & the machine record,florence & the machine,,
how many albums did madonna make,madonna,,
How many albums did Nas record,nas,,
how many albums did sia make,sia,,
how many albums did tupac record,tupac,,
how many albums has queens of the stone age recorded,queens of the stone age,,
how many alums did solange make,solange,,
how many backstreet boys albums are there,backstreet boys,,
how many diana ross albums are there,diana ross,,
how many katy perry albums are there,katy perry,,
how many records does a$ap rocky hae,a$ap rocky,,
how many records does bruno mars have,bruno mars,,
how many records does bruno mars have,bruno mars,,
how many records does drake have,drake,,
how many warren g albums are there ,warren g,,
I am looking for albums,,,
I need albums,,,
I want a specific album,,,
I want an album by,,,
I want to find albums,,,
I want to find an album,,,
I want to find her albums,her,,
I want to find some albums,,,
I want to find someone's albums,,,
I want to look up albums,,,
I want to see albums,,,
I want to see an album,,,
I want to see future's albums,future,,
I want to see some top hip hop albums,,hip hop ,
I'd like some r&b albums,,r&b,
I'm looking for a particular album,,,
I'm looking for albums by modest mouse,modest mouse,,
I'm looking for an album,,,
kanye west albums,kanye west,,
let me see his albums ,his,,
let me see what albums rae sremmurd has,rae sremmurd,,
let me see what coldplay albums are there,coldplay,,
let's see some good indie albums ,,indie,
list the everly brothers albums,the everly brothers,,
look for albums,,,
look for albums,,,
look for albums by,,,
look for albums done by the wonder years,the wonder years,,
look for albums from creed,creed,,
look for cece peniston studio albums,cece peniston ,,
look for famous rock albums from the 80s,,rock ,80s
look for heavy metal albums,,heavy metal ,
look for kid friendly albums ,,kid friendly ,
look for kids albums ,,kids,
look for rock albums from the 90s,,rock ,90s
look for some albums,,,
look for some latin albums ,,latin ,
look for some top classical music albums ,,classical ,
look for the chainsmokers albums,the chainsmokers,,
look for top rock albums of the 60s ,,rock,60s
look for tyga's albums,tyga ,,
look up albums,,,
look up albums,,,
look up albums by,,,
look up an album,,,
look up hip hop albums ,,hip hop ,
look up ice cube albums,ice cube,,
look up kaytranada's albums,kaytranada,,
look up miguel's albums,miguel,,
look up p. diddy albums,p. diddy,,
look up T.I.'s albums,T.I.,,
pearl jam albums please,pearl jam,,
please show me all the albums by kool & the gang,kool & the gang,,
please show me what albums childish gambino had,childish gambino,,
pull up albums,,,
pull up all albums by a tribe called quest,a tribe called quest,,
pull up all albums by abba,abba,,
pull up all albums by jessie j,jessie j,,
pull up all albums by rza,rza,,
pull up all the albums he made,he,,
pull up his other albums,his,,
pull up other albums by him,him,,
pull up other albums by them,them,,
pull up partynextdoor's list of albums,partynextdoor,,
pull up some good electronic music albums ,,electronic ,
pull up some of the best 80s pop albums,,pop,80s
pull up some reggae albums,,reggae,
pull up their albums,their,,
pull up their other albums,their,,
red hot chili peppers albums,red hot chili peppers,,
search albums,,,
search albums ,,,
search albums by eric b and rakim,eric b and rakim,,
search albums by kanye west,kanye west,,
search belle and sebastian records ,belle and sebastian ,,
search cl studio albums,cl ,,
"search for 10,000 maniacs albums","10,000 maniacs",,
search for a simple plan albums ,a simple plan ,,
search for albums,,,
search for albums by borns,borns,,
search for albums from 1999 ,,,1999
search for an album,,,
search for B2K's albums,B2K,,
search for blues albums ,,blues,
search for classical music albums,,classical ,
search for good jpop albums ,,jpop,
search for great funk albums ,,funk ,
search for heavy metal albums,,heavy metal ,
search for her albums ,her,,
search for his albums,his,,
search for j pop albums ,,j pop,
search for james brown albums,james brown,,
search for justin timberlake albums,justin timberlake,,
search for k pop albums ,,k pop ,
search for lady gaga's studio albums ,lady gaga ,,
search for latino music albums,,latino ,
search for marvin gaye's albums,marvin gaye,,
search for matt and kim albums,matt and kim,,
search for my bloody valentine albums,my bloody valentine,,
search for nine inch nails albums,nine inch nails,,
search for Omarion's albums,Omarion,,
search for pop albums,,pop,
search for popular adult contemporary albums,,adult contemporary ,
search for prince's albums,prince,,
search for r&b albums,,r&b,
search for rap albums,,rap ,
search for rap albums from 2010,,rap ,2010
search for reggae albums,,reggae,
search for releases by xscape,xscape,,
search for rock albums from the 60s,,rock ,60s
search for ska music albums,,ska,
search for sly and the family stone's albums ,sly and the family stone ,,
search for some punk albums to listen to,,punk,
search for some soft jazz albums,,soft jazz,
search for some top rap albums,,rap ,
search for some top reggae albums ,,reggae,
search for stevie wonder albums,stevie wonder,,
search for the roots albums,the roots,,
search for the studio albums by 112,112,,
search for the temptations albums,the temptations,,
search for the top rap albums of 2010,,rap,2010
search for their other albums,their,,
search for top albums by maroon 5,maroon 5,,
search for top albums of 1987,,,1987
search for top country albums ,,country ,
search for top korean albums ,,korean ,
search for top pop albums ,,pop,
search for top punk albums ,,punk,
search for u2's albums,U2,,
search for x ambassadors albums,x ambassadors,,
search for yo la tengo's albums,yo la tengo,,
search music for albums by nick jonas,nick jonas,,
search music for Big Tymers albums ,Big Tymers,,
search music for Flo rida's albums,Flo rida,,
search rahkim's albums,Rahkim,,
search some albums,,,
search st. lucia's albums,st. lucia,,
search the flaming lips albums,the flaming lips,,
she has how many albums ,she,,
show albums,,,
show albums,,,
show albums,,,
show albums by this artist,this artist,,
show all albums from this artist,this artist,,
show all the albums from blake shelton,blake shelton,,
show beyonce albums,beyonce,,
show I'm with her albums,i'm with her,,
show jamie foxx's albums,jamie foxx,,
show Jay Z albums,Jay Z,,
show lana del rey albums,lana del rey,,
show me 1970s top albums ,,,1970s
show me 1988's popular albums ,,,1988
show me 1999's most popular albums,,,1999
show me 2010 top albums,,,2010
show me 2010s rock albums,,rock,2010s
show me a list of goo goo dolls albums,goo goo dolls,,
show me a list of maroon 5's albums ,maroon 5,,
show me alabama shakes albums,alabama shakes,,
show me albums,,,
show me albums,,,
show me albums by aloe blacc,aloe blacc,,
show me albums by artist ,,,
show me albums by destiny's child,destiny's child ,,
show me albums by dr. dre,dr. dre,,
show me albums by e-40,e-40,,
show me albums by k.d. lang,k.d. lang,,
show me albums by mura masa,mura masa,,
show me albums by my morning jacket,my morning jacket,,
show me albums by neko case,neko case,,
show me albums by selena gomez,selena gomez,,
show me albums by the jayhawks,the jayhawks,,
show me albums by the new pornographers,the new pornographers,,
show me albums by toby keith,toby keith,,
show me albums from 2007,,,2007
show me albums from boogie down productions,boogie down productions,,
show me albums from dave matthews band,dave matthews band,,
show me albums from ennio morricone,ennio morricone,,
show me albums from fela kuti,fela kuti,,
show me albums from goapele,goapele,,
show me albums from hootie & the blowfish,hootie & the blowfish,,
show me albums from katy perry,katy perry,,
show me albums from kool moe dee,kool moe dee,,
show me albums from SZA,SZA,,
show me albums of the folk genre,,folk,
show me all albums,,,
show me all albums by,,,
show me all albums by boyz ii men,boyz ii men,,
show me all albums from this artist ,this artist,,
show me all ciara albums,ciara,,
show me all her albums,her,,
show me all her work ,her,,
show me all his albums,his,,
show me all his work ,his,,
show me all of his albums,his,,
show me all of justin bieber's albums ,justin bieber,,
show me all of tlc's albums ,tlc,,
show me all the albums ,,,
show me all the albums by him ,him,,
show me all the albums by this artist ,this artist,,
show me all the backstreet boys albums,backstreet boys,,
show me all the biz markie albums,biz markie,,
show me all the Dido albums,dido,,
show me all the floetry albums,floetry,,
show me all the kiiara albums,kiiara,,
show me all the whitney houston albums,whitney houston,,
show me all their albums,their,,
show me all their other albums,their,,
show me all their stuff,their,,
show me all their work,their,,
show me all your albums,,,
show me beatles albums ,beatles,,
show me blink 182's album list,blink 182,,
show me blues albums released in 1970 ,,blues,1970
show me chon's albums ,chon,,
show me Desiigner's discography,desiigner,,
show me examples of blues albums,,blues,
show me Future's discography,future,,
show me good rap albums from the 90s ,,rap,90s
show me gucci mane records,gucci mane,,
show me her albums ,her,,
show me her other albums,her,,
show me his albums,his,,
show me his other album,his,,
show me his other albums,his,,
show me jay-z's releases,jay-z,,
show me kylie minogue's albums ,kylie minogue,,
show me lil uzi vert's album list,lil uzi vert ,,
show me lil yatchy records,lil yatchy,,
show me Master P records,master p,,
show me migos album list,migos,,
show me mix tapes by the yeah yeah yeahs,yeah yeah yeahs ,,
show me mixtapes by DJ Drama,DJ Drama,,
show me mixtapes by lil uzi vert,lil uzi vert ,,
show me mixtapes by nicki minaj,nicki minaj,,
show me mixtapes by xxxtentacion,xxxtentacion,,
show me mystikal records,mystikal,,
show me no doubt's album list ,no doubt ,,
show me other albums from her,her,,
show me other albums from him,him,,
show me other albums from them,them,,
show me outkast's album list,outkast,,
show me r&b albums,,r&b ,
show me rae sremmurd's albums,rae sremmurd,,
show me rock albums from 2015 ,,rock ,2015
show me sean paul's discography,sean paul,,
show me shaggy's discography,shaggy ,,
show me sisqo's albums,sisqo,,
show me some 90s country albums,,country ,90s
show me some albums,,,
show me some albums by frankie goes to hollywood,frankie goes to hollywood,,
show me some blues albums,,blues,
show me some dance albums,,dance,
show me some emo rock albums ,,emo rock ,
show me some folk music albums,,folk ,
show me some good punk albums,,punk,
show me some great techno albums ,,techno ,
show me some indian music albums,,indian ,
show me some latin albums,,latin ,
show me some neo soul albums,,neo soul ,
show me some pop music albums,,pop,
show me some popular 90s r&b albums,,r&b,90s
show me some punk albums ,,punk,
show me some r&b albums from 1992,,r&b ,1992
show me some reggae albums ,,reggae,
show me some rhythm and blues albums,,rhythm and blues ,
show me some top punk albums,,punk,
show me some top rock albums from 2009,,rock,2009
show me some top rock and roll albums,,rock and roll ,
show me some west coast rap albums,,west coast rap ,
show me the 1975's discography,the 1975,,
show me the albums,,,
show me the albums by kelis ,kelis ,,
show me the albums of the wonder years,the wonder years,,
show me the artist's discography,the artist,,
show me the other album by him,him,,
show me the other albums he did,he,,
show me the other albums he has,he,,
show me the prince albums ,prince,,
show me the top 80s pop albums,,pop,80s
show me the top albums from the year 1999,,,1999
show me the top albums of 1982,,,1982
show me the top albums of 2010,,,2010
show me their albums,their,,
show me their other albums,their,,
show me tokio hotel list of albums ,tokio hotel ,,
show me top albums from 2000,,,2000
show me top country music albums from 2000,,country ,2000
show me Travi$ Scott's album list,travi$ scott,,
show me Ty Dolla $ign's discography,ty dolla $ign,,
show me weird al yankovich's records,weird al yankovich,,
show me what britpop albums there are,,britpop,
show me what other albums he has,he,,
show me what other albums she has,she,,
show me young thug records,young thug,,
show me Yung Joc's albums,Yung joc,,
show other album from them,them,,
show other albums by him,him,,
show the albums by a simple plan,simple plan,,
show the top rock albums from 1987,,rock,1987
show top albums by 98 degrees,98 degrees,,
show x ambassadors albums,x ambassadors,,
Tell me albums by She & Him,She & Him,,
tell me all of shakira's albums,shakira,,
tell me some of the great 90s rap albums,,rap ,90s
tell me their other albums,their,,
tell me what albums u2 has,u2,,
tell me what sia's albums are,sia,,
tell me what were the big albums from 1996,,,1996
tell me what were their other albums,their,,
u2 albums please,u2,,
what album was big in 1994,,,1994
what albums are from 2004,,,2004
what albums did arianna grande do,arianna grande,,
what albums did beck do,beck,,
what albums did big sean have,big sean,,
what albums did DMX release,DMX,,
what albums did foo fighters release,foo fighters,,
what albums did Guns N roses release,guns n roses,,
what albums did he make,he,,
what albums did jane's addiction record,jane's addiction,,
what albums did jay z have,jay z,,
what albums did john lennon record,john lennon,,
what albums did johnny cash have,johnny cash,,
what albums did kodak black have,kodak black,,
what albums did KRS-One release,KRS-One,,
what albums did lil Boosie have,lil boosie,,
what albums did lil yachty record ,lil yachty,,
what albums did LL Cool J release,ll cool j,,
what albums did M.I.A. do ,M.I.A.,,
what albums did miley cyrus make,miley cyrus,,
what albums did muse make,muse,,
what albums did N.W.A make,n.w.a.,,
what albums did nirvana release,nirvana,,
what albums did prince do,prince,,
what albums did queen latifah have,queen latifah,,
what albums did rahkim release,rahkim,,
what albums did red hot chili peppers make ,red hot chili peppers,,
what albums did red hot chili peppers release,red hot chili peppers,,
what albums did Run-D.M.C. release,Run-D.M.C.,,
what albums did she do,she,,
what albums did she have,she,,
what albums did she make,she,,
what albums did she record ,she,,
what albums did soundgarden do,soundgarden,,
what albums did the black eyed peas do ,black eyed peas ,,
what albums did the smashing pumpkins do,the smashing pumpkins,,
what albums did they have,they,,
what albums did U2 make,u2,,
what albums did ub40 release,ub40,,
what albums did vertical horizon release,vertical horizon,,
what albums did wu-tang clan make,wu-tang clan,,
what albums did yo-yo have,yo-yo,,
what albums does band of horses have ,band of horses,,
what albums does busta rhymes have,busta rhymes,,
what albums does de la soul have,de la soul,,
what albums does drake have,drake ,,
what albums does feist have,feist,,
what albums does fetty wap have so far,fetty wap,,
what albums does he have,he,,
what albums does Ice-T have,ice-T,,
what albums does natalie merchant have,natalie merchant,,
what albums does she have,she,,
what albums does she have in total ,she,,
what albums does st. vincent have,st. vincent,,
what albums does the xx have,the xx,,
what albums does too short have,too short,,
what albums has bob dylan made,bob dylan,,
what albums has fergie made in her career,fergie,,
what albums has ghostface killah made,ghostface killah,,
what albums has imogen heap made,imogen heap,,
what albums has jessica simpson done,jessica simpson,,
what albums has lupe fiasco made,lupe fiasco,,
what albums has outkast made,outkast,,
what albums has p!nk got,p!nk,,
what albums has Q-Tip made,Q-tip,,
what albums have bone thugs-N-Harmony made,bone thugs-n-harmony,,
what are alice in chains albums,alice in chains,,
what are all her albums,her,,
what are all their albums ,their,,
what are depeche mode's albums,depeche mode,,
what are frank ocean's albums,frank ocean,,
what are good neo soul albums,,neo soul ,
what are good soft jazz albums,,soft jazz,
what are hard-fi's albums,hard-fi,,
what are her albums ,her,,
what are her best albums,her,,
what are her other albums,her,,
what are his albums,his,,
what are his other albums,his,,
what are kelly rowland's albums,kelly rowland,,
what are KRS-One's albums,krs-one,,
what are kygo's albums,kygo,,
what are lil uzi vert's albums,lil uzi vert,,
what are manic street preachers albums,manic street preachers,,
what are nelly's albums,nelly,,
what are radiohead's albums,radiohead,,
what are some famous punk rock albums ,,punk,
what are some great pop punk albums ,,pop punk ,
what are some great rock albums ,,rock ,
what are some notable rap albums ,,rap,
what are some of the best 70s disco albums ,,disco ,70s
what are some of their other albums,their,,
what are some punk albums ,,punk,
what are some top pop punk albums ,,pop punk ,
what are spoon's other albums,spoon,,
what are t.i.'s albums,t.i.,,
what are taylor swift's albums,taylor swift,,
what are the albums by doves,doves,,
what are the albums by fiona apple,fiona apple,,
what are the albums by her,her,,
what are the killers albums,the killers,,
what are the other albums by aimee mann,aimee mann,,
what are the other albums by him,him,,
what are the other albums by lykke li,lykke li,,
what are the other albums by them,them,,
what are the other albums by this artist,this artist,,
what are the other albums he has,he,,
what are the other albums she has,she,,
what are the verve's albums,the verve,,
what are their other albums,their,,
what are travis's albums,travis,,
what are TV on the radio's other albums,TV on the radio,,
what are U2's albums,u2,,
what are whitney houston's albums,whitney houston,,
what are yo la tengo's other albums,yo la tengo,,
what is a top east coast rap album ,,east coast rap ,
what is her albums,her,,
what is janelle monae's album list,janelle monae ,,
what is janet jackson's discography,janet jackson,,
what other album he do,he,,
what other albums are by her,her,,
what other albums are from her,her,,
what other albums did he do,he,,
what other albums did he have,he,,
what other albums did she do,she,,
what other albums did she have,she,,
what other albums did she make,she,,
what other albums did they do,they,,
what other albums did they have,they,,
what other albums did they make,they,,
what other albums did they record,they,,
what other albums do they have,they,,
what other albums does he have,he,,
what other albums does she have,she,,
what other albums has he made,he,,
what other albums has she done,she,,
what other albums have they got,they,,
what other albums he make,he,,
what other albums she do,she,,
what other albums she got,she,,
what other albums they got,they,,
what other albums they have,they,,
what rap albums were released in 1999,,rap ,1999
What studio albums did Beyonce make,Beyonce,,
What studio albums did garth brooks do,garth brooks ,,
what top pop albums were from 2010,,pop,2010
what was her other albums,her,,
what was his other albums,his,,
what was santana's discography ,santana,,
what was the biggest album of 1970 ,,,1970
what was the biggest album of 2007,,,2007
what was the hot album of 2010,,,2010
what was the top 1992 hip hop album ,,hip hop ,1992
what was the top pop album of 2000,,pop,2000
what was the top soft rock albums of the 90s ,,soft rock ,90s
What were all Blackstreet's albums,blackstreet,,
what were all Dr. Dre's albums,dr. dre,,
what were all michael jackson's albums,michael jackson,,
what were all the albums recorded by far east movement,far east movement ,,
what were all U2's albums,U2,,
what were all Xscape's albums,xscape,,
what were bat for lashes albums,bat for lashes,,
what were bruce springsteen's top albums,bruce springsteen,,
what were deerhunter's other albums,deerhunter,,
what were En Vogue's albums,En Vogue,,
what were famous albums from 2010,,,2010
what were frou frou's albums,frou frou,,
what were her albums,her,,
what were her other albums,her,,
what were his other albums,his,,
what were huge albums from the 80s ,,,80s
what were jem's albums,jem,,
what were lil romeo albums,lil romeo,,
what were popular albums in 1998,,,1998
what were rage against the machine's studio albums,rage against the machine,,
what were rihanna's studio albums,rihanna,,
what were shania twain's major albums,shania twain,,
what were some big albums released in 1990,,,1990
what were some famous indie albums,,indie ,
what were some good rap albums ,,rap ,
what were some great rap albums from 1999,,rap,1999
what were some of her albums,her,,
what were some of the best jazz albums,,jazz,
what were some of the iconic rock albums of the 60s,,rock ,60s
what were some top rap albums from the year 1987,,rap,1987
what were tegan and sara's albums,tegan and sara,,
what were the albums by this artist,this artist,,
what were the best 90s r&b albums,,r&b,90s
what were the best r&b albums of 2000,,r&b,2000
what were the biggest albums of 1999,,,1999
what were the biggest albums of the 90s ,,,90s
what were the biggest pop albums of the 60s ,,pop,60s
what were the bird and the bee's albums,the bird and the bee,,
what were the famous rock albums of 1987,,rock,1987
what were the memorable blues albums from the 70s ,,blues,70s
what were the most popular albums of 2006,,,2006
what were the national's other albums,the national,,
what were the notable country albums from 1999,,country,1999
what were the other albums by him,him,,
what were the other albums by them,them,,
what were the other albums he did,he,,
what were the other albums they made,they,,
what were the popular records of 1997,,,1997
what were the top albums from 2015,,,2015
what were the top albums of 2016 ,,,2016
what were the top annie lennox albums,annie lennox,,
what were the top disco albums of 1977,,disco,1977
what were the top hip hop albums from the 80s ,,hip hop ,80s
what were the top indie music albums from the 2000s,,indie,2000s
what were the top pop albums from 2001,,pop,2001
what were the top records from 1999,,,1999
what were the top soul albums of 1970 ,,soul ,1970
what were the weepies albums,the weepies,,
what were their albums,their,,
what were their other albums,their,,
what were their top albums ,their,,
what were tina turner's albums,tina turner,,
what's a good indie album to listen to ,,indie,
what's her albums,her,,
what's her discography ,her,,
what's her other albums,her,,
what's his other album,his,,
what's his other albums,his,,
