MakeResQuery1,MakeResDate,MakeResTime,MakeResPeople,MakeResVenue
I want to make a reservation,,,,
Book a table at 5 pm there,,5 PM,,there
Make a reservation for 2 at 9 pm,,9 PM,2,
Ask if there is space for 4 at 8:30 on Tuesday,Tuesday,8:30,4,
Make a reservation there for lunch,,,,there
I would like to make a reservation for today,Today,,,
Can I reserve a table for tonight at 8pm,Tonight,8pm,,
book me a table there for dinner today,Today,,,there
Reserve a table there at 6:30 pm on Friday for 2 people,Friday,6:30 PM,2,there
book a table for 3 people tomorrow,tomorrow,,3,
Reserve a table in the first one at 5 on Friday,Friday,5,,first one
Can I have a table for 2 people,,,,
Can I have a table for 3 people on Wednesday,Wednesday,,3,
Get me a reservation in this one,,,,this one
Get me a reservation in the first one for 4 people on Saturday,Saturday,,4,first one
Get me a reservation at 7'o clock tonight,Tonight,7'o clock,,
Get me a resrvation there at 5'o clock on Wednesday,Wednesday,5'o clock,,
Get me a resrvation there at 6'o clock for a party of 4,,6'o clock,4,there
Can I have a table there for a party of 2 tomorrow,Tomorrow,,2,there
Get me a table there for a party of 3 on Monday,Monday,,3,there
Get me a table in this one for a party of 4 on Thursday,Thursday,,4,this one
Get me a table in that one for a party of 6 on Tuesday,Tuesday,,6,that one
Make me a reservation in this one for 3 poeple at 7pm on Friday,Friday,7PM,3,this one
I want to make a reservation for the first one at 10 o clock,,10 o clock,,
I want to reserve a table in this one for a party of four on Tuesday,Tuesday,,four,this one
I want to reserve a table there for a party of four on Tuesday,Tuesday,,four,there
I want to make a reservation there for a party of three at 7'o clock,,7'o clock,three,there
Can you get me a reservation at this one,,,,
Can you get me a reservation at that one for 3 people,,,3,
Can you get me a reseravtion at that one for 2 people on Tuesday,Tuesday,,2,
Can you get me a reseration in this one for a party of two for dinner,,,two,this one
Can you get me a reservation there for a party of 2 at 7'o clock,,7'o clock,2,there
I want a table there for 4 people at 7 on Tuesday,Tuesday,7,4,there
I want a table there for 2 a 6'o clock,,6'o clock,2,there
I want a table there for a party of three,,,three,there
I want a table there for a party of 2,,,2,there
I want a table for this place for a party of 3 on Monday,Monday,,3,this place
I want a table for the first one on Wednesday,Wednesday,,,the first one
Can you get me a table there around 7'o clock,,7'o clock,,there
I want to get a reservation there around lunch on Tuesday,Tuesday,,,there
Reserve a table there for lunch on Tuesday ,Tuesday,,,there
I want to get a reservation there around lunch on Tuesday for four,Tuesday,,four,there
I want to get a reservation there around lunch on Friday for 2,Friday,,2,there
Get me a table for 2 at 7pm,,7pm,2,
get me a table for 5 at 7 tonight,tonight,7,5,
get me a table for 10 people at noon,,noon,10,
get me a table for 3 at 6pm,,6pm,3,
get me a table for 2 guests at 10pm,,10pm,2,
get me a table for 5 people at 11pm,,11pm,5,
get me a table for 4 at noon,,noon,4,
book a table for 5 people on tuesday 7pm,Tuesday,7pm,5,
book a table for 5 guests on monday night 7pm,Monday,7pm,5,
book a table for 5 on sunday at 7pm,Sunday,7pm,5,
book a table for 4 guests for tuesday 6:30pm,tuesday,6:30pm,4,
book a table for 5 for saturday evening 7pm,Saturday,7pm,5,
book a table for 10 tuesday night 7 o'clock,Tuesday,7 o'clock,10,
book a table for 2 people for sunday 1pm,sunday,1pm,2,
book a table for 8 people on monday night 7pm,monday,7pm,8,
make a reservation for 4 on Monday night 7pm,Monday,7pm,4,
make a reservation for 4 people on Monday night 7pm,Monday,7pm,4,
make a reservation for 4 guests on Monday at 7pm,Monday,7pm,4,
make a reservation for 4 on Tuesday evening 7 o clock,tuesday,7 o clock,4,
make a reservation for 2 guests on Sunday night,Sunday,,2,
make a reservation for 14 guests on Monday,Monday,,14,
make a reservation for 4 people Tuesday 11am,Tuesday,11am,4,
make a reservation for 4 people at 11am,,11am,4,
Party of 4 for Monday 7pm,Monday,7pm,4,
Party of 12 for Monday at 8pm,Monday,8pm,12,
Party of 2 on Monday night,Monday,,2,
Party of 5 on sunday 7pm,Sunday,7pm,5,
Party of 4 at 7pm,,7pm,4,
Party of 4 for tonight 7pm,tonight,7pm,4,
Party of 2 for today at 12pm,today,12pm,2,
Party of 3 for saturday noon,Saturday,noon,3,
Party of 4 on sunday 11am,Sunday,11am,4,
i need a table for 10 this sunday at noon,Sunday,noon,10,
i need a table for 4 guests this monday at noon,Monday,noon,4,
i need a table for 14 tonight at 8pm,tonight,8pm,14,
i need a table for 5 for sunday 1pm,Sunday,1pm,5,
i need a table for 7 people for sunday at 4pm,Sunday,4pm,7,
i need a table for 8 people at 11pm,,11pm,8,
i need a table for 12 tomorrow at 8pm,tomorrow,8pm,12,
can i get a table for 2 at 5pm,,5pm,2,
can i get a table for 2 at noon,,noon,2,
can i get a table for 2 people this evening,this evening,,2,
can i get a table for 2 guests tonight,tonight,,2,
can i get a table for 10 people at 9pm,,9pm,10,
can i get a table for 3 for 7:30pm,,30pm,3,
can i get a table for 2 around 7pm,,7pm,2,
can i get a table for 2 people around 7pm,,7pm,2,
can i get a table for 2 around 7pm Saturday,Saturday,7pm,2,
can i get a table for 6 around 7pm on saturday,Saturday,7pm,6,
can i get a table for 4 guests around noon on sunday,Sunday,noon,4,
can i get a table for 3 around 11am on Saturday,Saturday,11am,3,
can i get a table for 2 around 7pm tonight,tonight,7pm,2,
make a reservation on Sunday 7pm for 3 people,Sunday,7pm,3,
make a reservation on monday night 7pm for 3 guests,Monday,7pm,3,
make a reservation on Sunday 7pm for 3 guests,Sunday,7pm,3,
make a reservation on monday 7 o'clock for 6 people,Monday,7 o'clock,6,
make a reservation for tuesday at noon for 3 people,Tuesday,noon,3,
make a reservation for monday at 1pm for 3 people,Monday,1pm,3,
make a reservation for tonight at 7pm for 3 guests,tonight,7pm,3,
make a reservation for saturday at 1pm for 3 people,Saturday,1pm,3,
make a reservation this tuesday at noon for 3 people,Tuesday,noon,3,
make a reservation this evening at 9pm for 3 people,this evening,9pm,3,
get a table for Saturday at 5pm,Saturday,5pm,,
get a table for monday at 6pm,Monday,6pm,,
get a table for Saturday at noon,Saturday,noon,,
get a table for Saturday around 5pm,Saturday,5pm,,
get a table for tonight at 5pm,tonight,5pm,,
get a table for tomorrow at 5pm,tomorrow,5pm,,
get a table tonight at 5pm,tonight,5pm,,
i need a table for 6pm on Sunday for 5 guests,Sunday,6pm,5,
i need a table at noon on Sunday for 2 guests,Sunday,noon,2,
i need a table at 11am on monday for 5 guests,Monday,11am,5,
i need a table at 5pm for 5 guests,,5pm,5,
i need a table for 6pm tonight for 5 guests,tonight,6pm,5,
i need a table for 2pm on saturday for 10 people,Saturday,2pm,10,
i need a table for 6 o'clock on Sunday for 5 people,Sunday,6 o'clock,5,
i need a table for 6:30pm for 5 people,,6:30pm,5,
i need a reservation for 6pm on Sunday for 5 guests,Sunday,6pm,5,
i need a reservation at noon on Sunday for 2 guests,Sunday,noon,2,
i need a reservation for 11am on monday for 5 guests,Monday,11am,5,
i need a reservation for 5pm for 5 guests,,5pm,5,
i need a reservation for 6pm tonight for 5 guests,tonight,6pm,5,
i need a reservation for 2pm on saturday for 10 people,Saturday,2pm,10,
i need a reservation for 6 o'clock on Sunday for 5 people,Sunday,6 o'clock,5,
i need a reservation at 6:30pm for 5 people,,6:30pm,5,
make me a reservation for 5 at noon,,noon,5,
make me a reservation for 6 guests at noon sunday,sunday,noon,6,
make me a reservation for 5 people at noon tomorrow,tomorrow,noon,5,
make me a reservation for 4 people at 7pm tomorrow,tomorrow,7pm,4,
make me a reservation for 5 at 6pm on monday,monday,6pm,5,
make me a reservation for 5 at 2pm on tuesday,tuesday,2pm,5,
make me a reservation for 5 at 11:30 on monday,monday,11:30,5,
get me a table for Sunday night,sunday,,,
get me a table for Saturday 6pm,Saturday,6pm,,
get me a table for Monday at noon,Monday,noon,,
get me a table for Tuesday 5pm,Tuesday,5pm,,
get me a table for Monday around 5pm,Monday,5pm,,
get me a table for Saturday 2pm,Saturday,2pm,,
get me a table for Friday night at 6pm,Friday,6pm,,
get me a table for Sunday noon,Sunday,noon,,
reserve a table for 4 on Sunday,Sunday,,4,
reserve a table for 2 on Saturday,Saturday,,2,
reserve a table for 2 people on Monday night,Monday,,2,
reserve a table for 2 on Tuesday,Tuesday,,2,
reserve a table for 2 guests on Saturday,Saturday,,2,
reserve a table for 2 people this Saturday,Saturday,,2,
reserve a table for 2 people for Saturday,Saturday,,2,
reserve a table for 2 for Saturday,Saturday,,2,
I want to make a reservation for the second one at 10 o clock,,10 o clock,,second one
I want to make a reservation for the third one at 10 o clock,,10 o clock,,third one
I want to make a reservation for the last one at 10 o clock,,10 o clock,,last one
reserve a table for 2 on Tuesday for the first one,Tuesday,,2,first one
reserve a table for 2 on Tuesday for the second,Tuesday,,2,second
reserve a table for 2 on Tuesday for the third one,Tuesday,,2,third one
Call Nobu for a reservation 7:15 ,,7:15,,Nobu
Reserve a table for 5 at Les Trois Mecs for 8 p.m. tonight,Tonight,8 p.m.,5,Les Trois Mecs
Make a table reservation at Spago for Wednesday 7:30 p.m. for 4 people,Wednesday ,7:30 p.m. ,4,Spago
Reserve a table for 2 at P.F. Chang for 2 p.m. today,Today,2 p.m. ,2,P.F. Chang
"I want to dine at Houston's with my wife today at 7 p.m., reserve a table for me",Today ,7 p.m. ,,Houston's
"I want to go out for lunch tomorrow with my friend Paul, reserve a table at Shibumi for noon",Tomorrow,noon,,Shibumi
Book a table for a business lunch for four people at 71 Above for Wednesday at 1 p.m.,Wednesday ,1 p.m. ,four,71 Above
Check if there is space for dinner for 2 tonight at Katsuya,Tonight,,2,Katsuya
I want a table reservation for 3 on Thursday evening at 8:30 at Chinois on Main,Thursday ,8:30,3,Chinois on Main
Make a lunch reservation for 2 on Friday at Mastro's Steakhouse,Friday ,,2,Mastro's Steakhouse
Reserve a table for 4 at Moonshadows for Monday at 8 p.m. ,Monday ,8 p.m.,4,Moonshadows
Make me a reservation,,,,
Get me a reservation,,,,
Get a res,,,,
Arrange a reservation,,,,
Book me a table,,,,
Get me a table,,,,
Call and make a reservation there,,,,there
Get me a table for that one at 8 for 2,,8,2,that one
I need a table today at 1 pm,Today,1 PM,,
Call ahead for a table for 2,,,2,
Arrange a reservation for next Friday at 6:30 pm,next Friday,6:30 PM,,
Book 3 people for two days from now at 5:45 pm,two days from now,5:45 PM,3,
Reserve a table for 4 for brunch on Sunday,Sunday,,4,
8 am two people tomorrow,tomorrow,8 AM,two,
Tuesday 11:30 am  10 people ,Tuesday,11:30 AM,10,
Please reserve a place for 10 pm for 6,,10 PM,6,
"AneedA, make a reservation there for 8 at 8 on Saturday",Saturday,8,8,there
"Hey Aneeda, make a res",,,,
Book a spot for 9:01 am,,9:01 AM,,
"reserve a place, next week, at seven, for two",next week,seven,two,
3 people at 9 pm tonight,tonight,9 PM,3,
call and rsvp for noon for 4,,noon,4,
"Ok AneedA, I need a reservation for 8:05 ",,8:05,,
Arrange a table for 9 with Rao's ,,9,,Rao's
Get table for 9 at Bucca Di Beppo,,,9,Bucca Di Beppo
Reserve a table,,,,
reservation,,,,
reserve it,,,,it
book it,,,,it
get it,,,,it
get the reservation,,,,
Book the reservation,,,,
make the RSVP,,,,
arrange the RSVP,,,,
RSVP,,,,
RSVP for 3 people at 8 pm,,8 pm,3,
reservation,,,,
make reservation,,,,
make a reservation,,,,
reserve restaurant,,,,
reservation for tonight,,tonight,,
reservation for tonight for 2,,tonight,2,
reservation for tonight for Pasta Mia,,tonight,,Pasta Mia
reservation for tonight for 2 for Pasta Mia,,tonight,2,Pasta Mia
reservation for tomorrow,,tomorrow,,
tomorrow pasta mia 2 people reservation,,tomorrow,2,Pasta Mia
tomorrow pasta mia for two reservation,,tomorrow,two,pasta mia
pasta mia reservation for 2,,,2,pasta mia
pasta mia for 2 reservation,,,2,pasta mia 
tonight reserve restaurant,,tonight,,
reserve for 2,,,2,
sushi for 2 tonight,,tonight,2,
sushi for 2 tomorrow,,tomorrow,2,
italian for 4 tonight,,tonight,4,
french restaurant a table for 2 tonight,,tonight,2,
table for 2 at Japanese restaurant for tomorrow night ,,tomorrow,2,
table for 4 at Brazilian restaurant tonight,,tonight,4,
table for 6 at Korean Barbecue Thursday night,,Thursday,6,
party of 8 at Russian restaurant for Friday evening,,Friday ,8,
a table for 2 at Greek restaurant for tonight,,tonight,2,
reserve a table for 4 at Polish restaurant,,,,
Book me a table,,,,
book me a table for 2 ,,,2,
book me a table for 3 in Hollywood tonight,,,3,
book a table for two at at Chinese restaurant in Santa Monica,,,two,
